y_test,predicted_prob_rf,predicted_prob_xgboost
1,0.203508305,0.19626528
0,0.237897751,0.207742319
0,0.078318279,0.065012351
1,0.285388084,0.258552104
1,0.459718496,0.436196834
0,0.204884064,0.242163345
0,0.02874424,0.028141066
0,0.197956912,0.202541381
0,0.13604792,0.120609045
0,0.065612072,0.062034935
0,0.064771532,0.080247171
0,0.011070335,0.028457364
0,0.250217808,0.23822616
0,0.160293592,0.218859643
0,0.221568591,0.118349314
0,0.212104849,0.061118037
0,0.070007944,0.082069188
0,0.049768383,0.054061424
0,0.294188813,0.237567633
0,0.028267106,0.07636185
0,0.097964988,0.113989353
0,0.094443859,0.118503742
0,0.048625782,0.060166582
1,0.276237125,0.233110443
0,0.024969657,0.048641685
0,0.153813438,0.131582588
0,0.112828012,0.128454611
0,0.124381178,0.094690576
1,0.121028942,0.118490249
0,0.36547208,0.371820271
0,0.10645122,0.097159013
0,0.287212381,0.208684221
1,0.156750211,0.183230609
1,0.701275633,0.942710876
0,0.065961249,0.082687661
1,0.128418985,0.14789997
1,0.21652704,0.178770155
0,0.140154954,0.084813207
0,0.138725916,0.168094113
1,0.084924675,0.122210316
0,0.086397121,0.068329811
1,0.442630415,0.355075389
0,0.115347965,0.122816056
0,0.377595161,0.497466892
0,0.176019506,0.174444973
1,0.122560979,0.158645451
0,0.266829465,0.274387717
1,0.150931928,0.160050064
0,0.062780136,0.062600225
0,0.100985245,0.134565279
0,0.230750665,0.230304867
1,0.243844004,0.224701479
0,0.14645271,0.121846117
0,0.233227108,0.190754384
0,0.025430559,0.062716253
1,0.255150519,0.235887796
0,0.328174976,0.26173979
0,0.126680965,0.174482763
0,0.311970371,0.221533433
0,0.017010539,0.017838443
0,0.142708085,0.08273942
1,0.169673276,0.186781317
0,0.312945504,0.374885648
1,0.144250104,0.1567339
0,0.119924391,0.094121091
0,0.147868436,0.112195306
0,0.153417928,0.136678308
0,0.008718015,0.02537689
0,0.211039137,0.193126872
0,0.019952144,0.03861649
0,0.099141857,0.103304945
0,0.069920403,0.05892862
0,0.046329346,0.060693242
0,0.129578194,0.116884694
0,0.121208283,0.103668816
0,0.096193355,0.084952995
0,0.163136042,0.144494325
0,0.014126964,0.033198368
0,0.225650774,0.207104772
0,0.125687481,0.140727013
0,0.30258101,0.161517754
1,0.42461035,0.416831374
0,0.166697654,0.244439155
0,0.20198685,0.202549875
0,0.047216372,0.033123974
0,0.086169665,0.097060926
0,0.041150983,0.046026591
0,0.340355269,0.241709962
0,0.117136715,0.150611028
0,0.309962219,0.308745772
0,0.035888037,0.050663713
0,0.396003197,0.449657828
0,0.071814416,0.089805692
0,0.128369818,0.099115729
0,0.170454275,0.211744651
0,0.10582361,0.105046064
0,0.044288655,0.047294062
0,0.073116334,0.073853731
0,0.10099633,0.129418939
0,0.075871316,0.067238338
0,0.065531238,0.056332022
0,0.220297213,0.197754249
0,0.021190512,0.028141066
0,0.112732673,0.109774582
0,0.026848992,0.019111581
0,0.239041892,0.456552893
0,0.279953455,0.226024255
0,0.11276369,0.1236099
0,0.084401532,0.109066054
0,0.083146487,0.068645865
0,0.15850943,0.099996865
0,0.282364192,0.125175357
0,0.037991164,0.079411767
0,0.026541288,0.039798733
0,0.043764968,0.066200912
0,0.115200224,0.099125475
0,0.270491713,0.118762664
0,0.163961166,0.136122569
1,0.332184581,0.387264162
0,0.082244986,0.119530305
0,0.143482153,0.109201483
0,0.249250353,0.252521664
0,0.021436511,0.03915206
0,0.138632455,0.145079359
0,0.179735591,0.207834467
0,0.077503682,0.107188292
0,0.168573669,0.285804421
0,0.32907977,0.177748665
0,0.129951053,0.126795202
1,0.187721971,0.230038345
1,0.414404774,0.495622665
0,0.28335602,0.208054751
1,0.382298875,0.251111776
0,0.086404748,0.07447838
1,0.07897748,0.072168745
0,0.068579557,0.099035457
0,0.246097849,0.29974103
0,0.009720725,0.01665258
1,0.337707915,0.461479276
0,0.290738195,0.441013247
0,0.060924899,0.052077252
1,0.091557167,0.061638221
0,0.27116532,0.142377466
0,0.338362835,0.373805702
0,0.024237931,0.039748278
1,0.105801066,0.098353863
0,0.137346131,0.165167481
1,0.166513355,0.140338168
1,0.531017344,0.634300768
0,0.155609032,0.174561307
0,0.025371478,0.035530955
0,0.238610714,0.18143177
0,0.142200727,0.174222499
0,0.445392468,0.604814887
0,0.35674137,0.303564429
0,0.07419313,0.073482856
1,0.400948389,0.310533345
0,0.764043093,0.93778336
0,0.213570942,0.160887524
1,0.857683817,0.973727286
0,0.240364978,0.299823523
0,0.515903915,0.456822008
0,0.028050911,0.040432263
0,0.090580481,0.103152439
1,0.229443687,0.203520954
0,0.209318956,0.196360573
1,0.354851992,0.34413597
1,0.258107192,0.285752863
0,0.404290803,0.421122372
0,0.247243553,0.232775807
0,0.037206103,0.035756323
0,0.07225885,0.096946567
0,0.297962108,0.290623814
0,0.343420969,0.420634747
1,0.254396648,0.233212158
0,0.242891553,0.276951969
0,0.202867074,0.261475086
0,0.013301466,0.045345586
1,0.249093139,0.24901624
0,0.111657769,0.177363008
0,0.250377817,0.172901019
0,0.068399584,0.117164515
1,0.609868068,0.809138656
0,0.160989515,0.152838841
1,0.223998182,0.229400218
0,0.187272476,0.143326774
0,0.332352952,0.328050733
0,0.193605604,0.188227952
0,0.027715174,0.042311113
0,0.267625334,0.254169285
0,0.178013557,0.20998764
0,0.135427509,0.152117759
0,0.197292353,0.184102193
0,0.086138833,0.075079471
0,0.092245829,0.087340578
0,0.317532516,0.204149231
0,0.054562872,0.062758826
0,0.090385572,0.103359558
0,0.036040829,0.037406292
0,0.031657174,0.041147649
0,0.040739211,0.034989364
0,0.054336992,0.064829767
0,0.042455357,0.057046205
0,0.024773993,0.047051679
1,0.123486417,0.099747658
0,0.135495621,0.119516723
0,0.082859125,0.084809452
0,0.024555483,0.03406902
0,0.138843016,0.146971598
0,0.07867086,0.085111424
0,0.364215834,0.375312895
0,0.011732326,0.032451637
0,0.128600135,0.098283999
0,0.007696725,0.019902142
0,0.012887878,0.03679534
0,0.0732941,0.089886539
1,0.443059201,0.494517773
0,0.078102905,0.052639611
0,0.013222655,0.02537689
1,0.085115241,0.09462852
0,0.014427995,0.035045579
0,0.07612584,0.073352098
0,0.022230544,0.034492385
0,0.068811801,0.069478907
0,0.067110179,0.057600901
0,0.009764568,0.042619251
0,0.202336936,0.1500898
0,0.20359162,0.201041788
0,0.339004416,0.468723416
0,0.181929691,0.11630553
0,0.106520462,0.069737308
0,0.392478477,0.304707438
0,0.301287867,0.435567379
0,0.198844294,0.245711237
0,0.039006179,0.04477939
0,0.255806668,0.242434278
0,0.106476514,0.128261566
1,0.18499847,0.109761581
0,0.071094761,0.073191792
0,0.10645613,0.127737999
0,0.367170787,0.451782465
0,0.269496466,0.214283556
1,0.279377421,0.3097637
1,0.458116679,0.574931741
0,0.283133036,0.332990438
0,0.084937167,0.105724037
0,0.113992251,0.073162906
0,0.084920162,0.091731884
0,0.300649725,0.23393023
0,0.024532302,0.05570969
1,0.076293413,0.099201106
0,0.108282718,0.110218376
0,0.169899966,0.158237442
0,0.112354809,0.189892396
0,0.575936324,0.619782984
0,0.051889008,0.056517996
0,0.046895811,0.060472243
1,0.140030736,0.095927022
0,0.065351434,0.074341618
0,0.428310398,0.515555501
1,0.275070769,0.612609982
0,0.009376113,0.017838443
1,0.157854874,0.104474083
0,0.017621672,0.022710871
0,0.059962385,0.059441924
0,0.066573369,0.081215031
0,0.085522313,0.105421729
0,0.241721704,0.275458276
0,0.265453752,0.224104211
0,0.126990032,0.141411349
0,0.289689445,0.269214928
0,0.066650695,0.114650592
0,0.034488856,0.048769806
0,0.036176198,0.049897704
0,0.10354739,0.110493302
0,0.182270903,0.192772806
0,0.101251489,0.104762435
0,0.040377302,0.061605521
1,0.304104214,0.360570818
0,0.187758435,0.217271775
0,0.035729456,0.075293981
0,0.257516941,0.209120959
0,0.077081871,0.095053323
0,0.036256685,0.047236945
0,0.104463638,0.112751342
0,0.074214329,0.076006986
0,0.055157963,0.08068797
1,0.36133059,0.321878254
0,0.031884327,0.040234856
0,0.231238195,0.119007036
1,0.1932665,0.177729368
0,0.028411619,0.037843209
1,0.813967586,0.92834264
0,0.079615261,0.120149203
0,0.176395734,0.114542924
0,0.030685236,0.060423993
0,0.021541641,0.034492385
0,0.237781741,0.482117325
0,0.326718269,0.38350299
0,0.336367059,0.373728484
0,0.019401548,0.030519577
0,0.159043839,0.194228545
0,0.043106462,0.054047745
0,0.093388828,0.169928133
0,0.284154179,0.259085923
0,0.17360492,0.127172306
0,0.26810802,0.250106871
0,0.124700122,0.08955849
0,0.125770813,0.12626256
0,0.1667001,0.125787109
0,0.134139128,0.134391829
0,0.061391099,0.056787729
0,0.2131235,0.188223198
0,0.070012882,0.092295401
1,0.559539684,0.685252964
1,0.41424399,0.368729502
0,0.104698824,0.108656168
0,0.428224439,0.395105183
0,0.169937849,0.158823997
1,0.19273491,0.361452788
0,0.023735066,0.07639268
0,0.248226901,0.305212438
0,0.040817703,0.050910857
1,0.376234191,0.429871231
0,0.083130185,0.085331142
0,0.184650145,0.177795276
0,0.064686626,0.097524025
1,0.309365822,0.283138394
1,0.233324817,0.152129292
0,0.015669975,0.026802856
0,0.115987043,0.099145748
0,0.167205538,0.201195076
1,0.058572255,0.057542525
0,0.178040612,0.167439893
0,0.329051681,0.305532396
0,0.044541005,0.0440876
0,0.273459065,0.33697927
0,0.306347056,0.311913282
0,0.211519495,0.219274879
0,0.083160262,0.062089756
0,0.024407642,0.038569681
0,0.078914368,0.093632206
0,0.079385653,0.066653103
0,0.125833533,0.09248931
0,0.131977325,0.168841556
0,0.026664413,0.042531755
0,0.098227919,0.136959285
0,0.048407492,0.039234236
0,0.324842483,0.153287753
0,0.012431503,0.029724201
1,0.119475906,0.11038623
0,0.13219997,0.177493006
0,0.016878457,0.020046247
0,0.054252811,0.040816322
0,0.157140021,0.067740977
0,0.110373609,0.115030542
0,0.075540761,0.08751338
1,0.551668458,0.501525939
0,0.133061126,0.10115099
0,0.371979653,0.414283663
0,0.176375595,0.130432442
0,0.045485581,0.055340383
0,0.05598941,0.064065762
0,0.017237067,0.02139492
0,0.112933233,0.077008307
0,0.047428433,0.071884759
0,0.051477794,0.057673655
0,0.150399714,0.145980775
0,0.160503827,0.108847387
0,0.222040359,0.243919864
0,0.038502738,0.057194408
0,0.30771946,0.284253299
1,0.180451229,0.143164247
0,0.040778642,0.055977166
0,0.137600261,0.157217324
0,0.077034661,0.089685202
0,0.067546389,0.091698349
0,0.319897851,0.277258605
0,0.095650635,0.059135057
1,0.613523737,0.773527145
0,0.024575494,0.042175151
0,0.133052681,0.159219116
0,0.106537397,0.118785106
0,0.043274717,0.05568777
1,0.123864901,0.135265455
0,0.400669435,0.334936023
1,0.356985679,0.470993221
0,0.123805078,0.145999238
0,0.021487184,0.053583849
0,0.066285785,0.1004503
0,0.330592202,0.34516719
0,0.403728188,0.331504583
0,0.25838374,0.218844563
0,0.018010915,0.029580735
0,0.097841295,0.120655052
0,0.486934677,0.492855281
0,0.185243719,0.183476582
0,0.111729697,0.059129443
0,0.285919091,0.369573742
0,0.233821856,0.213976696
0,0.254294983,0.261210501
1,0.255621193,0.177364081
1,0.193979382,0.136228651
0,0.14529434,0.114181936
0,0.226869837,0.169227272
0,0.223007377,0.261086047
0,0.009635077,0.017089266
0,0.273210702,0.210554212
0,0.308977835,0.282042921
0,0.10028698,0.056342695
0,0.239712274,0.127181947
0,0.258658603,0.324899077
0,0.099647807,0.140767917
0,0.051234722,0.067324534
0,0.197618434,0.208871365
1,0.176125565,0.077978514
0,0.053988116,0.0863325
0,0.043907898,0.07401
1,0.238498046,0.174722433
0,0.220640062,0.222947687
0,0.032818748,0.063886896
1,0.088196598,0.059129443
0,0.131267063,0.201765865
0,0.056686461,0.07071691
0,0.154203122,0.188241959
0,0.179546953,0.167853355
0,0.019357026,0.037904579
1,0.185503115,0.147506833
0,0.226841192,0.174955681
0,0.539947875,0.535210848
0,0.149098621,0.139503598
0,0.187674184,0.157491043
0,0.092407496,0.114722572
0,0.260659003,0.171626359
0,0.142161917,0.169730768
0,0.070922806,0.079926752
0,0.105151099,0.125984251
1,0.259171595,0.235423788
1,0.240235384,0.284923792
1,0.821736702,0.871806979
1,0.085286207,0.08786878
1,0.041057818,0.076921403
0,0.372880115,0.260044366
0,0.013099228,0.040014274
0,0.055858103,0.035624467
0,0.367341057,0.534942448
0,0.131664246,0.176814497
0,0.138487649,0.109362982
0,0.126628198,0.101047494
0,0.014655299,0.028584376
0,0.105051767,0.103794992
0,0.097112944,0.141330212
0,0.085234514,0.112826452
0,0.160680895,0.10439007
0,0.027900517,0.043381002
0,0.192918564,0.153946772
0,0.075937086,0.081356853
0,0.213514796,0.153152466
0,0.031614587,0.074463919
0,0.101661672,0.097427987
0,0.165890349,0.171039671
0,0.276524974,0.356595904
0,0.111418108,0.106900893
0,0.024525652,0.052504927
0,0.147757435,0.092556752
0,0.07399236,0.097968593
0,0.141822884,0.134952933
0,0.236773394,0.319414049
0,0.380028353,0.355062485
0,0.017664213,0.024530862
0,0.589302613,0.859553933
0,0.183119388,0.231853142
0,0.074358997,0.072920866
0,0.026136732,0.038024981
1,0.010407325,0.019256067
0,0.077855938,0.130585074
1,0.271289751,0.187446252
1,0.290685736,0.210821301
0,0.258372137,0.274736524
0,0.47870734,0.608986259
0,0.524832672,0.577606797
0,0.233953629,0.110751741
1,0.257996776,0.195471197
0,0.119557938,0.065144271
1,0.30012133,0.267927229
1,0.251639866,0.24600023
1,0.350729643,0.330156595
0,0.201926228,0.238960534
0,0.235412357,0.143120795
0,0.152826584,0.131530777
1,0.068370987,0.076708116
1,0.267079859,0.212091476
1,0.576746723,0.41863668
0,0.165129197,0.149595469
0,0.074498063,0.051188819
0,0.034353542,0.05554805
0,0.098102783,0.06896925
0,0.176918718,0.217151016
1,0.601337682,0.656414688
1,0.366577608,0.381010234
0,0.138375014,0.172741458
0,0.277722719,0.218723506
1,0.156670647,0.147509381
0,0.083195126,0.057441831
0,0.037974039,0.08068601
0,0.186461949,0.127543792
0,0.051487936,0.062944137
0,0.142322463,0.143364519
0,0.156623996,0.204082638
0,0.014517002,0.039532796
0,0.027937934,0.050589785
0,0.039905227,0.043874223
0,0.032024851,0.037582066
0,0.148804058,0.102202609
0,0.096455595,0.098483697
0,0.214949102,0.208751187
0,0.119710107,0.126176119
0,0.265341941,0.142480567
0,0.391502973,0.455221027
0,0.108343238,0.124164954
1,0.179920646,0.191170484
0,0.252387267,0.225554451
1,0.299619025,0.194735959
0,0.274132543,0.306946069
0,0.282176335,0.284968674
0,0.074229098,0.090470821
0,0.083144422,0.101926312
0,0.116433656,0.105846927
1,0.355654698,0.168968081
0,0.173817483,0.128411874
0,0.094996586,0.11059019
0,0.046734567,0.068606064
0,0.125546628,0.12710692
0,0.169711906,0.16474992
0,0.044829412,0.038562037
0,0.15936096,0.092093438
0,0.013555969,0.028103141
0,0.086189308,0.118597738
0,0.053169231,0.101793021
1,0.381623965,0.328709155
0,0.142348194,0.157743365
0,0.15400466,0.178850845
0,0.265167363,0.254627883
0,0.100164574,0.091714464
0,0.129323907,0.093180805
0,0.112888516,0.081833683
0,0.028512834,0.062638931
0,0.273871233,0.269538283
0,0.121557074,0.079632729
0,0.362524013,0.309970737
0,0.058686645,0.046091437
0,0.009187737,0.029679831
0,0.010188107,0.017089266
0,0.01133909,0.033481386
0,0.07813912,0.042232011
0,0.185923051,0.155448347
1,0.468411189,0.501894057
0,0.021528518,0.047540661
0,0.224032197,0.27797091
1,0.095687488,0.091274075
0,0.449234142,0.454799324
0,0.389531877,0.325140595
0,0.12981083,0.115942337
0,0.118738399,0.108395658
0,0.343785507,0.223994687
0,0.182654225,0.135490656
0,0.297137045,0.304349393
1,0.232340553,0.232058391
0,0.105604561,0.11871887
0,0.211969875,0.196842656
1,0.383322312,0.47921133
0,0.067027111,0.06235379
0,0.189649332,0.145946011
0,0.171964124,0.136250809
0,0.147295854,0.128884494
0,0.331920022,0.410804331
0,0.125040881,0.141869143
1,0.722151248,0.854027212
1,0.338765446,0.362333238
0,0.178390762,0.138816625
0,0.133200663,0.149339885
0,0.079620974,0.13581489
0,0.4218106,0.322259068
0,0.338644782,0.328622282
0,0.203853172,0.120038979
0,0.225471112,0.19442983
0,0.141452445,0.131039292
0,0.214156674,0.171933442
1,0.196934348,0.169815674
1,0.22147932,0.307908624
0,0.034918567,0.045221377
0,0.09692745,0.095286638
0,0.00645833,0.027166868
0,0.207193217,0.192114115
0,0.32099383,0.536105216
0,0.218154831,0.196626827
0,0.093315153,0.085852876
0,0.046971112,0.032904845
0,0.014885741,0.020692034
0,0.281784892,0.208811402
0,0.049820188,0.065601565
0,0.042738272,0.049203057
0,0.356095409,0.279342324
0,0.130253078,0.10542164
0,0.468048883,0.492906958
0,0.044782846,0.06219526
0,0.106478962,0.115011469
0,0.039016643,0.072059751
0,0.268721793,0.5372774
1,0.088658596,0.123769097
0,0.159779991,0.165293992
0,0.066235702,0.063740484
0,0.173039041,0.217209399
0,0.255755418,0.23533383
0,0.06382873,0.06388028
0,0.288613244,0.268785864
0,0.192475123,0.150081158
0,0.182255651,0.171319962
0,0.225824457,0.319617778
0,0.009885889,0.019757019
1,0.218330774,0.187126368
0,0.033862055,0.048923686
1,0.504741105,0.650084376
0,0.327293024,0.285444975
0,0.195804751,0.195556119
0,0.01307064,0.039748278
0,0.280504562,0.169181302
1,0.102169802,0.099731557
0,0.306408114,0.255208731
0,0.091923844,0.081551239
0,0.438588942,0.52197504
0,0.307821724,0.223259836
1,0.079761351,0.099053428
0,0.420538804,0.644840956
0,0.157115755,0.141498432
0,0.264958353,0.230619118
0,0.097006537,0.072957769
0,0.151280686,0.124118917
0,0.148951373,0.162998006
0,0.029655857,0.052557718
0,0.216163407,0.124281563
0,0.031838635,0.03709029
0,0.056216427,0.046885084
0,0.065463065,0.121999465
0,0.093509548,0.086193837
1,0.110350885,0.064815521
0,0.029893596,0.030910525
0,0.241034288,0.211462542
0,0.298243576,0.266336083
0,0.094993242,0.066178508
0,0.117775648,0.096308231
0,0.091112446,0.106911346
0,0.077626924,0.074572705
0,0.070170701,0.065600604
0,0.200833491,0.159397915
0,0.142893043,0.086307436
0,0.284267854,0.29649961
0,0.152288469,0.103210241
0,0.305017554,0.28944239
1,0.206423253,0.19871068
0,0.051766199,0.021908551
0,0.119998687,0.181314632
0,0.182218464,0.187766314
0,0.034349019,0.05107962
0,0.050348783,0.080513552
1,0.79965051,0.948856533
0,0.069994818,0.065807506
0,0.176024711,0.130215853
0,0.013831449,0.026274741
1,0.704889566,0.737453818
0,0.316034556,0.380849659
0,0.14007543,0.137529165
1,0.407846874,0.250425696
0,0.149970672,0.162414595
0,0.059310986,0.032510273
1,0.349716878,0.54648155
0,0.189008043,0.140661031
0,0.055175236,0.066943407
0,0.131792443,0.138661012
0,0.224406876,0.216397062
0,0.061623895,0.056274787
0,0.063006438,0.115333647
0,0.042202872,0.05864593
0,0.01909276,0.049258221
0,0.238613557,0.277569443
0,0.052777801,0.038891178
0,0.270612269,0.175102755
0,0.020432712,0.035515204
0,0.013267907,0.023884065
0,0.16138705,0.093466386
0,0.180481753,0.149130031
0,0.022398597,0.053257983
0,0.362930459,0.28415373
0,0.162087669,0.118126079
0,0.354612182,0.337670594
1,0.144778996,0.14362897
0,0.06933771,0.045005549
0,0.156034754,0.125724941
0,0.137828453,0.197199762
0,0.019290583,0.032292869
0,0.085196332,0.100591086
0,0.187279554,0.155627429
0,0.088145062,0.099836335
1,0.399445114,0.269725025
0,0.073434746,0.064481474
0,0.159370028,0.141112283
0,0.146182553,0.129445285
0,0.159133327,0.178306326
0,0.076792573,0.055136863
0,0.227692362,0.174470589
0,0.31919721,0.364996314
0,0.027163964,0.036426909
0,0.255827674,0.325446367
0,0.315903387,0.423382521
0,0.119596135,0.107355535
0,0.16772207,0.160770446
0,0.129148281,0.13951771
0,0.408903725,0.243696988
1,0.127804914,0.10287369
0,0.205259619,0.148873791
0,0.02617892,0.028553767
1,0.822809498,0.951798677
0,0.110602401,0.104921058
0,0.037052672,0.058535624
0,0.152980878,0.157379836
0,0.04740607,0.068524919
0,0.090497036,0.051033851
1,0.717735814,0.740974844
1,0.156011001,0.166149423
0,0.168634498,0.164392218
1,0.313498664,0.369868249
0,0.010271306,0.018581681
0,0.139594771,0.161280796
0,0.026343322,0.042275526
0,0.261799406,0.260349661
1,0.030087047,0.045900457
0,0.031576442,0.045431975
1,0.078946107,0.056106407
0,0.240683073,0.288684785
0,0.080857543,0.097015552
0,0.099305594,0.094666302
0,0.227601019,0.224914089
1,0.182559917,0.160673559
0,0.257788288,0.213820294
0,0.023544042,0.040706739
0,0.299031438,0.258291513
0,0.293743457,0.262844622
0,0.106764919,0.102644242
1,0.343146613,0.398097396
0,0.049786141,0.057449553
0,0.012674274,0.052418064
0,0.151100587,0.11515481
0,0.125332982,0.120552473
0,0.148829067,0.099753551
1,0.159315813,0.115566529
0,0.095379815,0.099574678
0,0.105809052,0.08095599
0,0.390634668,0.353382379
0,0.07149697,0.060350422
0,0.019438989,0.041552261
1,0.095748902,0.112098768
0,0.119342577,0.157943279
0,0.12795341,0.15717043
1,0.343344856,0.264399618
0,0.12917371,0.183269739
0,0.135794656,0.127001777
0,0.214623084,0.279149562
1,0.325406177,0.345350802
0,0.335051454,0.309999645
0,0.101674279,0.118484914
0,0.043788095,0.049599025
0,0.109057111,0.108730473
0,0.018669516,0.026274741
0,0.087749387,0.061593268
1,0.139303999,0.089045785
1,0.270861453,0.175162092
0,0.196996906,0.102337301
1,0.248761305,0.171713173
0,0.091237644,0.047754399
0,0.143142445,0.155962288
1,0.142990715,0.138108149
0,0.037542679,0.06428355
0,0.039201306,0.022913251
1,0.80368355,0.811978161
0,0.179623349,0.213436201
0,0.099055913,0.119158447
1,0.414042921,0.345225036
1,0.320443667,0.22491847
0,0.32373091,0.295265615
0,0.024934554,0.030789034
0,0.077683707,0.074427202
0,0.093859643,0.075543173
0,0.320356925,0.353021473
0,0.468552676,0.485151887
1,0.250820497,0.209736347
0,0.012493665,0.021350417
0,0.362608092,0.302622586
0,0.020463421,0.026576839
0,0.313312541,0.279894263
0,0.027050994,0.036421832
0,0.127803754,0.103650019
1,0.439721372,0.461467147
0,0.053803558,0.044245183
0,0.281118877,0.241571218
1,0.104445654,0.050823033
0,0.306466344,0.27278626
0,0.051673358,0.061396144
0,0.153794535,0.073662959
0,0.13088655,0.056204367
0,0.123196502,0.163033128
0,0.100563663,0.072964072
0,0.107475606,0.120191447
0,0.008414336,0.019902142
1,0.332627603,0.15938668
0,0.362059778,0.283706874
0,0.121059131,0.106578283
1,0.181819669,0.163830176
0,0.092870373,0.050408844
1,0.376354674,0.427467287
0,0.060821798,0.078288294
0,0.046022548,0.081358969
0,0.215565921,0.184858397
1,0.274698163,0.219573066
1,0.468851969,0.519237816
0,0.204869567,0.221740454
0,0.141212864,0.146650389
0,0.037011988,0.058663111
1,0.372508629,0.450741231
0,0.199679805,0.088532403
0,0.171002311,0.076171406
0,0.146154534,0.11598213
0,0.080138672,0.102787398
0,0.115278855,0.123242363
0,0.132696441,0.122471355
0,0.223889182,0.31089735
0,0.138458569,0.128038764
0,0.112304786,0.11317037
0,0.11358191,0.147311598
0,0.050089644,0.068043411
0,0.227294273,0.256862104
1,0.117488604,0.135528192
0,0.062637881,0.057392228
0,0.312185826,0.34118098
0,0.133959741,0.159108281
0,0.167912869,0.079418287
0,0.066465288,0.059762426
1,0.280795849,0.229754522
0,0.051308367,0.058653902
0,0.266087344,0.287705034
0,0.050538264,0.067374103
0,0.135434604,0.101291023
0,0.137568825,0.117865764
0,0.210506276,0.175916255
0,0.036583093,0.058354694
0,0.027199697,0.04886122
0,0.19070637,0.125993431
0,0.081723963,0.087643996
0,0.120752365,0.115765639
1,0.411479007,0.442444593
0,0.357611311,0.29442963
0,0.267786209,0.337813675
0,0.167854503,0.175582319
0,0.134239165,0.194395691
0,0.434128589,0.286965996
0,0.117731756,0.125735328
0,0.303752798,0.33817029
0,0.059574316,0.123473078
0,0.014701305,0.037407793
1,0.452910465,0.472700655
0,0.030263667,0.048000816
0,0.053492185,0.065729953
0,0.250891685,0.316718012
1,0.206875579,0.180777594
0,0.094689922,0.063686229
0,0.161426529,0.144903988
0,0.095819701,0.084832475
0,0.134186833,0.129258007
0,0.127863467,0.095078528
0,0.191756092,0.126020521
0,0.034218689,0.050884254
0,0.279303074,0.250652552
0,0.02351358,0.020361984
0,0.100250605,0.142438412
0,0.093216844,0.105802462
0,0.211959389,0.254224986
0,0.055145641,0.099162459
0,0.154579244,0.254507482
0,0.229896496,0.205754608
0,0.200949918,0.099953532
0,0.057472967,0.070358634
0,0.049113944,0.066486336
1,0.281892819,0.207502812
0,0.171138932,0.191914394
0,0.236398405,0.381195098
0,0.256810046,0.124183483
0,0.308154193,0.277219862
0,0.070700713,0.108972639
0,0.040514465,0.062301848
0,0.21361102,0.207064122
0,0.452691468,0.464388669
0,0.018086599,0.039399195
1,0.140477399,0.108708657
0,0.125791339,0.085432388
1,0.307286313,0.300704688
1,0.122348216,0.201077685
1,0.183366032,0.167983025
1,0.195505387,0.151029438
0,0.014488949,0.026274741
0,0.518654674,0.642829418
0,0.021985272,0.030815506
0,0.15317069,0.12222787
0,0.018353182,0.039973788
0,0.302702851,0.266284555
1,0.47981137,0.361723542
1,0.322047722,0.265751004
0,0.301323443,0.335506141
0,0.481846792,0.50775677
1,0.102421015,0.072571605
0,0.094960567,0.13294661
0,0.116342559,0.132928908
1,0.18619145,0.205935538
0,0.135508117,0.181403071
0,0.148736779,0.189672217
0,0.283838364,0.268570483
1,0.270234025,0.194933489
0,0.052313271,0.071634442
0,0.385385216,0.441390097
0,0.009779894,0.016091606
0,0.224036839,0.231217578
0,0.094800384,0.091102742
0,0.028946908,0.05739361
0,0.395206918,0.342278332
1,0.247877474,0.151694909
0,0.05300221,0.128341079
1,0.233077638,0.225786433
0,0.047828443,0.040619016
0,0.750957802,0.904690802
0,0.124726327,0.059905224
0,0.132144466,0.150514215
0,0.037448519,0.05570526
0,0.098845278,0.071433246
1,0.387258167,0.484483212
0,0.0450324,0.068962313
0,0.077769551,0.093675904
1,0.543187398,0.600398839
0,0.116756485,0.144784078
0,0.146607801,0.111703411
0,0.224746566,0.195105433
0,0.142745887,0.172554851
0,0.239343171,0.204446256
0,0.098662564,0.081754878
0,0.129396344,0.108737566
0,0.036476647,0.045003869
0,0.015585879,0.03249871
0,0.141938615,0.180751488
0,0.259998877,0.18681626
0,0.37107161,0.321038157
0,0.251594987,0.21205619
0,0.36889767,0.281821698
0,0.139136652,0.118688688
0,0.008082818,0.021350417
0,0.121334245,0.110726267
0,0.421089117,0.457102418
0,0.012138539,0.022509065
0,0.112471411,0.121389233
0,0.04163617,0.074652545
0,0.399129329,0.299583107
0,0.1537048,0.248809367
0,0.136056763,0.132128507
0,0.29228037,0.237431854
0,0.097869998,0.053059921
0,0.055729302,0.084264457
0,0.178813409,0.175481707
1,0.249879484,0.217116714
0,0.129342028,0.120008148
1,0.396682229,0.529540122
1,0.472760197,0.284064502
0,0.144867807,0.160556942
1,0.809258917,0.880006015
0,0.20489919,0.243407294
0,0.014082546,0.033368617
1,0.401766223,0.341978312
0,0.102062416,0.134173557
0,0.32323101,0.292171389
0,0.061779858,0.081688486
0,0.417580778,0.515837371
0,0.36143617,0.286343783
0,0.242066444,0.1606123
1,0.347955468,0.314283103
1,0.428207705,0.353690267
0,0.102446313,0.058954801
0,0.353506012,0.370168328
0,0.350019142,0.210090429
1,0.123786604,0.163285717
0,0.295635787,0.161286712
0,0.082545346,0.094931267
0,0.03844668,0.0670681
0,0.232375412,0.143431649
1,0.392865102,0.352868468
0,0.552408835,0.532344818
0,0.029472793,0.050486114
0,0.01517063,0.021182824
0,0.081982144,0.103374653
1,0.048947507,0.069972835
0,0.035929712,0.065974727
1,0.2947186,0.306155205
1,0.910656025,0.951195359
0,0.364488288,0.511302173
0,0.397346592,0.500965774
0,0.197013843,0.170367867
0,0.129367855,0.114085965
1,0.274351923,0.198231041
0,0.314931947,0.335875481
0,0.222972064,0.225356281
0,0.070310021,0.084224083
1,0.235711656,0.182628304
0,0.394449636,0.457099974
0,0.279008179,0.320852667
0,0.267635707,0.193199381
0,0.070924642,0.05960777
1,0.34884211,0.515331626
0,0.112278495,0.088898838
0,0.025537741,0.025775092
1,0.399235637,0.308429182
1,0.71367198,0.782564878
1,0.601127702,0.53143698
0,0.038766507,0.045984667
0,0.088131108,0.054345176
1,0.169466494,0.141057357
0,0.114578856,0.124255292
0,0.265471672,0.284240782
0,0.159354889,0.187971622
0,0.111180854,0.091541171
1,0.205675183,0.245028108
0,0.093859687,0.119845711
1,0.322247832,0.171112999
0,0.015022748,0.025947254
0,0.017942371,0.036203679
0,0.018557229,0.046485797
0,0.075068593,0.057526026
1,0.084173855,0.080699645
0,0.10678364,0.141804427
0,0.120023255,0.10640014
1,0.157153069,0.118701734
1,0.232359861,0.204504505
0,0.0929094,0.07231506
0,0.119617167,0.161112249
1,0.219968541,0.224186674
0,0.199211811,0.162114039
0,0.109143654,0.111617848
0,0.183310601,0.215269074
0,0.236239304,0.295253366
0,0.007284576,0.017838443
0,0.089943738,0.099623337
1,0.093123075,0.046771154
0,0.149954269,0.276718497
0,0.029028628,0.029791612
0,0.176638922,0.151736528
0,0.09283931,0.07965868
1,0.209783697,0.174431175
0,0.260776415,0.300144404
0,0.237336952,0.238295615
1,0.168671377,0.137413204
0,0.024130224,0.03500703
0,0.138386421,0.115728818
0,0.054449947,0.049203057
0,0.388492517,0.186192065
0,0.291607453,0.193339288
0,0.658708093,0.563988328
0,0.383343402,0.385137528
0,0.35148922,0.28261888
0,0.062893813,0.070043474
0,0.152115236,0.12582998
0,0.053718075,0.068263225
1,0.108879944,0.132320374
0,0.482871465,0.476973742
0,0.195304047,0.18502748
0,0.113945354,0.091196448
1,0.451286677,0.501164973
0,0.160185596,0.128012717
0,0.144373902,0.13108483
0,0.307088625,0.468613535
1,0.152177501,0.090411276
0,0.102555762,0.155401736
0,0.025261886,0.032522123
1,0.238514135,0.159549445
0,0.189852358,0.128004819
1,0.078133006,0.131140426
0,0.06771311,0.074507348
0,0.418233248,0.374835938
0,0.023711676,0.028187947
0,0.15153638,0.115146898
0,0.23948692,0.299694002
1,0.095229778,0.092376292
0,0.074223874,0.087924704
0,0.175140859,0.168671116
0,0.215387788,0.284476131
0,0.0120489,0.020258883
0,0.132546266,0.088315368
0,0.070277831,0.097585127
0,0.083399824,0.078914426
1,0.711509834,0.927799046
1,0.822236965,0.953073382
0,0.018304013,0.043133751
0,0.055036042,0.065274507
0,0.069363198,0.064223424
0,0.039545846,0.047410969
1,0.081180149,0.092209943
0,0.031772941,0.057784226
0,0.289215422,0.246625021
0,0.167364898,0.139444306
0,0.032232931,0.028132146
0,0.13276051,0.142069981
0,0.201449121,0.206618607
0,0.158505624,0.19997175
0,0.099860048,0.130268738
0,0.245549131,0.179316834
0,0.259746858,0.556793928
1,0.326334733,0.355793595
0,0.07279187,0.024710448
0,0.495433196,0.606398582
0,0.046877773,0.050065625
0,0.176204378,0.155409411
0,0.12083545,0.094109245
1,0.110213296,0.093402572
0,0.090660802,0.108782582
0,0.12258401,0.057749894
0,0.208726432,0.205915064
0,0.352913757,0.287846684
0,0.014235753,0.02537689
0,0.254597883,0.146532193
0,0.291215428,0.357374579
1,0.378415741,0.458979964
0,0.104215694,0.107355364
0,0.291473626,0.308210909
1,0.044103922,0.065106295
0,0.549366515,0.752369881
1,0.282146649,0.298600227
1,0.217755912,0.20663847
0,0.029853124,0.037778873
0,0.247432906,0.263225675
0,0.010462192,0.02777377
0,0.152339586,0.094381288
1,0.725462005,0.897842109
0,0.077890809,0.103151403
0,0.111434295,0.121179454
0,0.287491342,0.276736408
0,0.045589341,0.068874121
0,0.204106192,0.147835433
0,0.272832574,0.287105024
0,0.237597721,0.191275969
1,0.244364357,0.278917104
0,0.045460326,0.043047711
1,0.324823337,0.248964444
0,0.06378549,0.058522653
1,0.197359739,0.187077492
0,0.012332204,0.03500703
0,0.23240027,0.171776175
0,0.042387289,0.040266182
0,0.082892703,0.088399626
0,0.368448515,0.36940375
0,0.047906662,0.048308812
0,0.0095297,0.02508075
0,0.042937215,0.051896483
0,0.289317542,0.369424582
0,0.425232416,0.427522451
0,0.430065037,0.620810986
0,0.123035471,0.11201337
0,0.063073585,0.069796674
1,0.162832501,0.156397119
0,0.107511663,0.116594002
0,0.059716122,0.073762752
0,0.017451187,0.03249871
1,0.650303801,0.935960233
0,0.104319861,0.104110569
0,0.03448339,0.042410053
0,0.175846096,0.184063226
0,0.202601567,0.273592412
0,0.334904049,0.344577432
0,0.012221018,0.024792613
0,0.074325053,0.090046905
0,0.301577275,0.251895905
1,0.274256263,0.248158112
0,0.087025315,0.082868703
0,0.016028302,0.042903602
0,0.206840755,0.190164238
0,0.223473328,0.161405906
0,0.129051605,0.162007719
0,0.396927374,0.256779462
0,0.223971038,0.183019057
0,0.264095066,0.110884368
0,0.007515724,0.027166868
0,0.03879016,0.041550647
0,0.252667516,0.210516676
0,0.244650889,0.330283433
0,0.060712766,0.066583976
0,0.077156558,0.071104407
0,0.04651744,0.054212566
0,0.113353496,0.056819152
1,0.181200761,0.249209166
0,0.020024258,0.031287443
1,0.169000955,0.159419
0,0.065082185,0.084497683
0,0.199257256,0.181355596
0,0.252138316,0.245672286
0,0.152882717,0.232245058
0,0.079098,0.056827333
0,0.116706309,0.061906274
0,0.311153649,0.293413162
0,0.125150603,0.084876783
0,0.046750518,0.083781503
0,0.075196725,0.103710882
1,0.309930891,0.292695433
0,0.019276339,0.065829806
0,0.088980856,0.072634794
1,0.618337578,0.611530364
0,0.199281228,0.124331199
0,0.241274937,0.105065651
0,0.031597672,0.050268866
0,0.131403299,0.092639752
0,0.159811948,0.162099481
0,0.055547984,0.045668088
0,0.399699341,0.631785154
0,0.05553863,0.065606356
0,0.083500396,0.105923153
0,0.083067313,0.076110847
0,0.134071411,0.16016604
0,0.134505468,0.099395305
0,0.04000577,0.061790988
0,0.106557088,0.118042707
0,0.114974477,0.125532299
0,0.128838137,0.143876284
0,0.119906358,0.106413074
0,0.280872795,0.251547933
1,0.203901947,0.234428257
0,0.23520168,0.194697231
0,0.184935761,0.12703231
0,0.030712564,0.079799682
0,0.191082512,0.174868971
0,0.209635323,0.215604305
0,0.054501553,0.051041909
1,0.700280207,0.924275815
0,0.129683555,0.125949249
0,0.353730242,0.517420053
0,0.313842471,0.365588635
0,0.106662593,0.144659102
0,0.102486773,0.11471381
0,0.204657264,0.233516619
0,0.404897708,0.522577882
0,0.082635558,0.112179823
0,0.276550487,0.256908119
1,0.551522659,0.595241964
0,0.093442496,0.082920074
1,0.060061065,0.059537925
1,0.237599723,0.304193884
0,0.236945826,0.219679534
0,0.017989112,0.037760165
0,0.059601647,0.091397978
0,0.014738231,0.03167725
0,0.288229622,0.271528214
1,0.295680173,0.271831185
0,0.039129514,0.039637052
0,0.042761938,0.038755305
1,0.129828873,0.165524453
0,0.250755929,0.165950924
0,0.238470249,0.190012068
0,0.115032196,0.206039786
0,0.254921059,0.193654865
0,0.025762821,0.04685754
0,0.077563694,0.059061028
0,0.15281965,0.189215451
0,0.117257825,0.141535044
0,0.100238818,0.105380364
1,0.218411188,0.271888554
1,0.152183423,0.170900449
1,0.403273313,0.534708679
0,0.046090554,0.046413235
0,0.174638881,0.190956131
0,0.056541571,0.061313048
0,0.100894698,0.08871457
0,0.257507356,0.21204181
0,0.171459335,0.137656763
0,0.134584728,0.110865586
1,0.201402395,0.247015476
0,0.391933021,0.270510763
0,0.114879251,0.098883897
1,0.482438841,0.537690401
1,0.276564624,0.282309741
0,0.033803871,0.085587837
0,0.112554537,0.120042987
0,0.37241954,0.459341139
0,0.07603253,0.085432313
0,0.165520373,0.140098453
0,0.140142001,0.171280563
0,0.19672798,0.147995874
0,0.079900993,0.095554575
0,0.061543748,0.076755814
0,0.032678372,0.028126221
0,0.189458233,0.170651346
1,0.754030166,0.901015639
0,0.088509876,0.088039376
0,0.03009974,0.041797336
1,0.684883758,0.860330284
1,0.114083871,0.152010456
0,0.140159488,0.11081849
0,0.12119233,0.083898596
1,0.224412294,0.302547306
0,0.345557631,0.307896852
0,0.023393663,0.04956444
0,0.160700137,0.185998544
0,0.087533015,0.058616269
0,0.060778941,0.094187647
1,0.143591482,0.112359919
0,0.190696314,0.175423905
1,0.242047516,0.211814642
1,0.385657,0.458372235
0,0.245470557,0.245514557
0,0.329411717,0.251111656
0,0.047627681,0.052216474
1,0.096588677,0.118217811
0,0.018501409,0.017590022
0,0.167479533,0.146284819
0,0.344985046,0.183659822
0,0.021261581,0.017089266
0,0.327332022,0.235645905
0,0.177154091,0.13285017
0,0.230504828,0.195340425
0,0.071414432,0.081684105
0,0.29221835,0.307394743
0,0.127291658,0.084647596
0,0.030954284,0.05480374
1,0.302852085,0.251532942
0,0.01016429,0.016420398
1,0.068596375,0.10582757
0,0.126159616,0.088293858
0,0.149624827,0.211280257
0,0.031781447,0.05514909
0,0.250813228,0.250140339
1,0.200630371,0.282554775
0,0.059764964,0.027397821
0,0.150901108,0.100859493
1,0.118781318,0.056391746
1,0.122920605,0.199646786
0,0.123060363,0.122314036
0,0.072588438,0.050779335
0,0.068250194,0.081905514
0,0.071490947,0.065413401
1,0.218317408,0.200395256
0,0.134541316,0.130750433
0,0.070906203,0.06000524
0,0.077591545,0.078729115
0,0.040190125,0.04791785
0,0.160710568,0.192704469
0,0.033510673,0.05535781
0,0.014062585,0.042791385
0,0.012359965,0.037179932
0,0.214232608,0.229674131
0,0.079698604,0.168670684
0,0.14062994,0.148000911
0,0.034176347,0.04302863
0,0.18853777,0.142284125
0,0.398068631,0.437251359
0,0.08857957,0.134537071
0,0.049016915,0.077626005
0,0.314719769,0.355895907
1,0.305244016,0.240517676
0,0.195398409,0.184865698
0,0.099944015,0.146267325
1,0.079374148,0.101558805
0,0.529670995,0.567031503
0,0.053558808,0.056590989
0,0.253103553,0.262549073
0,0.277867731,0.195932463
0,0.341437889,0.343802035
0,0.2532085,0.294186741
0,0.288011602,0.291322321
0,0.193665067,0.185969815
1,0.270707981,0.345455408
0,0.148964853,0.185737014
1,0.278981615,0.231689304
0,0.326493527,0.369164646
1,0.286241726,0.24091576
0,0.081883175,0.071942173
0,0.300576423,0.341653347
0,0.119452871,0.133376166
0,0.078721787,0.093196519
0,0.308971245,0.230296552
0,0.267247891,0.19098331
0,0.033968038,0.039923351
0,0.204746949,0.158282042
0,0.227942552,0.199046105
0,0.085319021,0.065050699
0,0.027220216,0.053143464
1,0.495067421,0.612080038
1,0.18474821,0.104052186
0,0.043508093,0.065986082
0,0.330470854,0.269427836
0,0.050534696,0.054540038
0,0.337684345,0.237681851
0,0.12777584,0.203030184
1,0.341747659,0.309126586
0,0.035866651,0.036913779
1,0.243612422,0.310237169
0,0.027327217,0.02818683
1,0.170220514,0.184947789
0,0.153043503,0.243281424
1,0.068796268,0.051506616
0,0.045207145,0.039988045
0,0.018039744,0.03172503
0,0.060181504,0.050377026
0,0.059953249,0.072621629
0,0.04332969,0.058695357
1,0.214691594,0.200798154
0,0.15155728,0.117047876
0,0.09573548,0.052506987
0,0.28591855,0.197683886
0,0.027077315,0.042410053
0,0.146774811,0.137246519
0,0.099914485,0.1092733
0,0.273519469,0.297331095
0,0.291991978,0.25421831
0,0.022420472,0.028260101
1,0.118459173,0.113441095
1,0.444964708,0.281740218
0,0.013648739,0.049508594
0,0.018518924,0.032976124
0,0.495520816,0.508950591
0,0.122819057,0.170937449
0,0.128653752,0.098708943
0,0.10708548,0.121855319
0,0.054584882,0.075320244
0,0.30337751,0.255936623
0,0.044368406,0.034575488
0,0.205157996,0.120583341
0,0.210654164,0.238696262
0,0.137267031,0.116905078
0,0.456541945,0.370564669
1,0.272560659,0.260130674
0,0.081287332,0.101078875
1,0.271067276,0.240260363
0,0.488221636,0.400360674
0,0.177296925,0.12161541
0,0.047893749,0.094722144
0,0.191514099,0.150863647
0,0.204609438,0.237312108
0,0.264639954,0.297820508
0,0.032575716,0.036119603
0,0.032489729,0.043026589
0,0.108487558,0.216044217
1,0.205910929,0.205473289
0,0.195190719,0.219541937
0,0.128282755,0.073417932
0,0.151734171,0.123776838
0,0.200767222,0.193399101
0,0.018349301,0.026861651
0,0.321574403,0.323263317
0,0.10335988,0.097046226
0,0.009737864,0.028236251
1,0.259838481,0.265910834
1,0.132592576,0.200965911
0,0.017300606,0.050401617
0,0.08481852,0.113259897
0,0.108085758,0.112750955
0,0.025271093,0.026587123
0,0.013671912,0.024530862
0,0.011830437,0.021303561
0,0.260703188,0.232429713
0,0.110843287,0.05731922
1,0.326541808,0.330149889
0,0.223613618,0.22268188
0,0.199276955,0.161249325
1,0.396342013,0.404176295
0,0.118866919,0.070039704
0,0.054679005,0.071736783
1,0.2201585,0.206136957
0,0.304299383,0.200234815
0,0.112859117,0.137155175
0,0.065141666,0.12850453
0,0.04355042,0.040629778
1,0.073005567,0.06991227
0,0.014209391,0.041515823
0,0.023143561,0.044555925
1,0.137109281,0.120670035
0,0.026378287,0.023111055
0,0.08295212,0.089146286
0,0.153904827,0.120949186
0,0.170258776,0.115268916
0,0.046829658,0.067047976
0,0.088441851,0.106454521
0,0.275852635,0.257433176
0,0.267930272,0.24865824
0,0.022671924,0.054387715
1,0.662849182,0.893969357
0,0.015958794,0.041030835
0,0.055635713,0.069502108
0,0.023239164,0.048128527
1,0.149399368,0.176190645
0,0.014714245,0.017089266
0,0.118763388,0.160799116
0,0.101491038,0.121088304
0,0.156254292,0.093457982
0,0.189863728,0.127280653
0,0.079162626,0.088415772
0,0.185493324,0.153805584
0,0.275517958,0.600403726
0,0.1685439,0.081821002
0,0.351601532,0.152000338
0,0.064182996,0.060033068
0,0.122618456,0.179182053
0,0.028147372,0.038726583
0,0.271410909,0.223044515
0,0.425267103,0.327858388
1,0.237726831,0.190455258
0,0.289047848,0.228037134
0,0.393282075,0.386506468
0,0.164176733,0.138786182
0,0.142291557,0.166443303
0,0.030113215,0.060795713
0,0.22787486,0.163382649
0,0.135075279,0.055058278
0,0.095507313,0.105124153
0,0.168472215,0.123268068
0,0.446303971,0.418944091
0,0.065512046,0.068847656
0,0.197530015,0.211275041
1,0.272963376,0.332785726
0,0.087747253,0.105603054
0,0.107937647,0.057526633
0,0.151871267,0.089226916
1,0.42412546,0.248952478
0,0.124265124,0.16218546
0,0.060371376,0.071251713
0,0.23063769,0.198529139
0,0.445636429,0.40831396
0,0.41990841,0.481772989
0,0.273486281,0.128954858
0,0.137849983,0.181040898
1,0.164259313,0.078495011
1,0.275610351,0.298383296
0,0.177183154,0.150797367
0,0.303331147,0.180445254
0,0.127662349,0.117046759
0,0.059567664,0.074476868
0,0.328991637,0.376252979
0,0.146754192,0.114034802
0,0.012084021,0.035096638
0,0.244102645,0.210036352
0,0.230261489,0.339186519
0,0.022336287,0.028127337
0,0.014647664,0.039358202
0,0.036317945,0.055883706
0,0.117544243,0.121148176
0,0.307966295,0.123270519
0,0.108679658,0.13199918
0,0.011741389,0.032502625
0,0.164032682,0.25409326
1,0.124113734,0.12889719
0,0.206993746,0.245351955
1,0.437669488,0.359077156
1,0.136605708,0.150537848
0,0.115209976,0.089170955
0,0.255853135,0.171615124
0,0.122267967,0.09908805
0,0.269560503,0.233228505
0,0.017242172,0.022863049
0,0.118130416,0.117660619
1,0.478175641,0.581112444
0,0.040298783,0.058942858
1,0.155517929,0.165524423
0,0.186636991,0.160020143
0,0.054935274,0.098261952
1,0.250364604,0.302527696
0,0.292766395,0.26687485
0,0.195749894,0.17660439
0,0.307782985,0.272601157
1,0.385302425,0.285989672
0,0.039049785,0.059664506
0,0.190407733,0.114103921
0,0.033126238,0.057908427
0,0.165165898,0.074176922
0,0.062448557,0.06596861
1,0.452899706,0.59874922
1,0.435944501,0.390417904
1,0.509224262,0.693945587
0,0.23287992,0.250898391
0,0.047048659,0.060693242
1,0.209313438,0.244932011
0,0.128852885,0.117652126
0,0.032698608,0.034966569
0,0.290558308,0.335494876
0,0.30246509,0.277016997
0,0.41627187,0.444251001
0,0.020586206,0.047540661
0,0.129132602,0.111439578
0,0.081037178,0.07138028
1,0.10033492,0.122238427
1,0.469914367,0.627658367
1,0.526285552,0.593634844
0,0.449080539,0.541305363
0,0.461019879,0.541367173
0,0.274815129,0.213713661
0,0.013538749,0.020647198
0,0.253426095,0.131523117
0,0.127140018,0.195476532
0,0.156749377,0.152754694
0,0.038701564,0.035837051
1,0.399628172,0.394961983
1,0.384496869,0.336534053
0,0.347400544,0.232992396
0,0.33484548,0.275862485
0,0.028164988,0.043679576
0,0.108061443,0.089960136
1,0.508018219,0.525719643
0,0.334988467,0.290054709
0,0.04713374,0.028694099
0,0.189121765,0.195752949
0,0.134240247,0.114110216
0,0.184830298,0.143280655
0,0.218339345,0.231290281
0,0.178463534,0.184018835
0,0.083276164,0.087875523
0,0.197654829,0.120795183
0,0.018322242,0.030930504
0,0.114697728,0.117304787
0,0.041656142,0.045210313
0,0.07274929,0.086838529
0,0.373304048,0.317264795
0,0.013839482,0.025947254
0,0.334054887,0.277140349
0,0.31033012,0.301143855
0,0.055377872,0.029567966
0,0.113061196,0.14694871
0,0.273304169,0.241244167
0,0.329417005,0.228053659
0,0.228853038,0.137143135
0,0.304456693,0.30360046
0,0.038481206,0.080854729
0,0.127172362,0.105549403
0,0.16604325,0.175829932
0,0.113988503,0.118309699
0,0.093663584,0.07813286
0,0.012294764,0.017089266
1,0.306138081,0.267755717
0,0.195835642,0.202832639
1,0.267862512,0.164090544
1,0.373877315,0.375863254
0,0.291530447,0.240704343
0,0.049621621,0.065684713
0,0.211442832,0.126612172
1,0.265152955,0.200961843
1,0.784457202,0.910532176
0,0.063637102,0.090622976
0,0.0899864,0.076719381
0,0.183049977,0.111772045
0,0.324628511,0.25970313
1,0.059751632,0.051863939
0,0.00935866,0.019011606
0,0.006372595,0.016091606
0,0.211363983,0.166138291
0,0.412279345,0.375295341
0,0.080511073,0.068862021
0,0.082675891,0.065991476
0,0.030149037,0.050361902
0,0.425192814,0.513151109
0,0.107976775,0.094460756
1,0.188093703,0.250814557
1,0.143493323,0.148188174
0,0.106839044,0.139975682
1,0.449407306,0.51232177
0,0.18617115,0.203509003
0,0.289156376,0.302599579
0,0.013496019,0.025947254
0,0.356665843,0.415431708
0,0.270567454,0.190929472
0,0.008761098,0.022860946
0,0.152200608,0.137117639
0,0.040295858,0.069672182
0,0.125419727,0.101490714
0,0.091816697,0.066669688
1,0.439774784,0.476983845
0,0.278323288,0.205465272
0,0.202289504,0.205413267
0,0.368930289,0.270891398
0,0.049272101,0.0783398
0,0.051448216,0.019862233
0,0.072606109,0.091637179
0,0.559374944,0.588220358
1,0.353756802,0.270865917
0,0.521103042,0.559695303
0,0.110372885,0.08327774
0,0.222735468,0.318271816
0,0.139987642,0.222813845
0,0.095868093,0.120045245
0,0.215260128,0.210521519
0,0.351304326,0.20300141
0,0.213366625,0.176653832
1,0.133494028,0.078314759
1,0.101350846,0.049268238
0,0.130746361,0.122979723
0,0.1853536,0.208421692
0,0.436889191,0.37808916
0,0.086264657,0.113643937
0,0.146410161,0.14705658
0,0.044746256,0.02603296
0,0.083274205,0.079340473
1,0.498751203,0.586814225
0,0.021361961,0.053859193
0,0.030813912,0.035157785
0,0.027790903,0.082809038
0,0.162936985,0.072599374
0,0.2304537,0.233634695
1,0.693386544,0.956765175
0,0.516978169,0.508857906
1,0.356926085,0.406172365
0,0.136590319,0.142972291
1,0.139567284,0.136951745
0,0.102602862,0.066071682
0,0.289049168,0.340426862
0,0.245229662,0.195606679
0,0.014150108,0.030324308
0,0.040174803,0.062369924
0,0.158510084,0.155793324
1,0.183855441,0.100026108
0,0.144023435,0.105992377
1,0.188370989,0.214409128
0,0.03308239,0.038773604
1,0.22012018,0.163383618
0,0.143038718,0.124893963
1,0.482733958,0.66984421
0,0.054046933,0.066716656
1,0.095341107,0.06297604
1,0.159525516,0.11920356
0,0.155681806,0.142781496
0,0.101902844,0.070223294
0,0.342845614,0.389339596
0,0.02242086,0.023514675
0,0.16162942,0.12542209
0,0.08674498,0.076470293
1,0.442503592,0.456305057
0,0.223764874,0.125716195
0,0.109044216,0.086645462
0,0.260665781,0.196141213
0,0.04349965,0.04859956
0,0.207339372,0.294401884
0,0.081249686,0.0845633
0,0.017536634,0.030184764
1,0.364772221,0.087835282
0,0.022950483,0.042240333
0,0.023846022,0.058242366
0,0.152008653,0.182100043
0,0.260842499,0.411339611
0,0.143768068,0.094400831
0,0.038602001,0.062402684
1,0.815216567,0.95192188
1,0.252692872,0.181451842
0,0.006969273,0.016091606
0,0.084525537,0.06841097
0,0.047613587,0.068147518
1,0.256989741,0.251986414
0,0.123241369,0.144494325
0,0.026146683,0.052627966
0,0.165356325,0.145017728
0,0.011364528,0.019945392
0,0.047283953,0.060226824
0,0.317411431,0.263428241
0,0.12975514,0.13515617
1,0.347269823,0.414382935
0,0.157769953,0.124270521
0,0.019203054,0.026274741
0,0.501264347,0.319626302
0,0.115859907,0.059205886
1,0.07637758,0.090446912
0,0.035676796,0.060856514
0,0.132386959,0.154576004
0,0.302271608,0.315527618
0,0.25201329,0.170835078
0,0.252665316,0.290620446
1,0.299068382,0.226039276
0,0.065111827,0.049383245
0,0.039702203,0.054117475
0,0.105374886,0.057146795
0,0.24515489,0.282281041
0,0.263386721,0.2100427
0,0.029063337,0.01665258
0,0.296463557,0.36144793
0,0.248304015,0.140352502
1,0.250333707,0.267132372
0,0.036346637,0.048839722
0,0.021295662,0.043007236
0,0.306295474,0.203915358
0,0.018299751,0.049458209
0,0.247878617,0.270962983
0,0.072820647,0.05335803
0,0.10500005,0.116058037
0,0.131010604,0.097154871
1,0.837298487,0.882396579
1,0.165894202,0.135284752
0,0.255337901,0.144720986
0,0.120904314,0.086759172
1,0.075722822,0.118876301
1,0.326985461,0.296284497
0,0.086682928,0.05962199
0,0.028513424,0.053007975
0,0.06383343,0.068383984
0,0.228842978,0.241280317
0,0.267162801,0.225714087
0,0.038840937,0.040365882
0,0.0396963,0.032436743
0,0.102885128,0.139157563
0,0.019827709,0.01665258
0,0.048608855,0.068107955
0,0.16795324,0.125089601
0,0.010821426,0.024644349
0,0.094584232,0.093932457
0,0.296346162,0.256683826
0,0.045451979,0.029322529
0,0.160641062,0.22226657
0,0.239858972,0.294530749
0,0.063123691,0.070905253
0,0.050466833,0.062295541
0,0.147444704,0.161080837
0,0.222226126,0.216396257
0,0.066467661,0.111030459
0,0.088737148,0.126596004
0,0.055649041,0.056839548
0,0.146931609,0.084504411
0,0.229355435,0.133376136
0,0.031744533,0.035728935
0,0.28650664,0.292370707
0,0.024057156,0.050389703
0,0.019213327,0.032844134
0,0.032654733,0.050084814
0,0.176784801,0.153771251
0,0.300874983,0.251998752
0,0.152514403,0.115897767
0,0.05564373,0.058628041
0,0.310615058,0.108647071
0,0.316084945,0.277760386
1,0.154458043,0.144507214
1,0.129507283,0.125433728
0,0.136104571,0.148578539
1,0.077574656,0.054434381
0,0.105109076,0.056286514
0,0.136654117,0.118103527
0,0.288399276,0.402767509
0,0.114206446,0.089268871
0,0.07612901,0.075244755
0,0.063095953,0.078049064
0,0.225931415,0.200542867
1,0.200014428,0.137626842
0,0.21045205,0.147187293
0,0.030153964,0.062684327
0,0.23250305,0.203345597
0,0.188109065,0.197700679
0,0.020168549,0.018581681
0,0.128994878,0.13579984
0,0.426663401,0.317498177
0,0.011722524,0.03249871
0,0.075589892,0.094562605
0,0.048671074,0.04741985
0,0.133665973,0.172414348
0,0.01903765,0.036551595
0,0.011468145,0.019376487
0,0.202032501,0.224920183
0,0.029439107,0.046803638
0,0.251924373,0.25392434
1,0.036177825,0.042773779
0,0.387599749,0.396558642
1,0.485797695,0.731090903
0,0.050446268,0.060172413
0,0.461042519,0.490731865
0,0.062345472,0.043831706
0,0.066178532,0.068768047
0,0.314941333,0.208467022
0,0.077203111,0.081724085
0,0.250105843,0.329889774
0,0.124591414,0.100520514
0,0.067172416,0.060929701
1,0.364693206,0.363490343
0,0.08828599,0.089464545
1,0.231064081,0.218142509
0,0.190738134,0.187497392
0,0.096732954,0.093149342
0,0.155662965,0.06003245
0,0.030215935,0.046885341
0,0.199777546,0.122333847
0,0.01098755,0.023991672
0,0.077443226,0.087270208
0,0.011287459,0.018379753
0,0.014989451,0.047916755
0,0.157776843,0.083406404
0,0.089554922,0.122911461
0,0.200276811,0.111543261
0,0.101898715,0.076482423
0,0.044802395,0.045369107
0,0.229966711,0.215301961
0,0.055934322,0.032596633
0,0.015694927,0.020361984
0,0.508760702,0.71085912
0,0.197789405,0.158615112
1,0.575521408,0.594853282
0,0.051776445,0.070360206
0,0.053924257,0.056382813
0,0.188341756,0.173996866
0,0.292248508,0.256127864
0,0.227687642,0.227628767
0,0.175550844,0.134597972
0,0.014240651,0.032976124
0,0.063651511,0.077104874
0,0.145735968,0.209461465
0,0.128540588,0.121555343
0,0.339341981,0.548113704
0,0.423254554,0.40712893
0,0.084355654,0.074229404
0,0.224995761,0.280256182
1,0.122207685,0.163852111
0,0.051979222,0.040789887
0,0.017657747,0.026967192
0,0.011128424,0.019678544
1,0.123178198,0.104575463
0,0.087808207,0.08358632
0,0.021640642,0.049753089
0,0.156255871,0.147346526
0,0.040019317,0.070830919
0,0.349669035,0.390819818
1,0.499071328,0.227490038
0,0.139725841,0.092135809
0,0.228714853,0.268422723
0,0.096012322,0.091049932
0,0.022582983,0.029955329
0,0.009536563,0.018591331
0,0.306448283,0.270625442
0,0.420976656,0.504342437
0,0.334514378,0.370173693
0,0.283573209,0.152335107
0,0.26592111,0.160405755
1,0.265079846,0.199478045
1,0.335414716,0.2787444
0,0.151474571,0.154872581
1,0.125341793,0.151236102
0,0.147426791,0.129983857
1,0.306116428,0.305148602
0,0.126290707,0.18716906
0,0.314689663,0.196792856
0,0.046529926,0.072959028
0,0.135887755,0.148648575
0,0.203229763,0.25991568
0,0.015121007,0.032973811
0,0.12595271,0.074409895
0,0.120766439,0.26742062
0,0.065768067,0.056178104
0,0.373593268,0.264865756
1,0.163363602,0.152799562
1,0.342058042,0.314004689
0,0.009555876,0.018090257
0,0.088350542,0.046093356
0,0.346001307,0.322823197
1,0.034350207,0.051996537
0,0.114104065,0.074963361
1,0.326188534,0.33308804
0,0.376401633,0.339645594
1,0.149922751,0.14617686
0,0.101235909,0.091102161
0,0.207279945,0.206448406
0,0.142022335,0.194465026
0,0.214553878,0.244026646
1,0.384838371,0.259307116
0,0.1593516,0.098715045
0,0.199168351,0.130069032
0,0.410013939,0.396297038
0,0.016470128,0.0147233
0,0.268073348,0.471877813
0,0.105544024,0.151870951
0,0.119623159,0.106743209
1,0.387675961,0.417235821
0,0.11330274,0.098379731
1,0.208133117,0.216851205
0,0.441736783,0.477760911
0,0.169808335,0.135478973
1,0.784823803,0.937312961
0,0.044304158,0.049576785
0,0.087371112,0.037291434
0,0.21218593,0.145017728
0,0.032627605,0.037680946
0,0.121070677,0.086842708
1,0.246218426,0.302400708
0,0.150640207,0.130989969
0,0.19986922,0.080980822
0,0.069546948,0.062818997
1,0.642637564,0.582336247
0,0.163413441,0.153463647
0,0.531947841,0.64111799
0,0.192205883,0.249352232
0,0.380228434,0.434962422
0,0.095607794,0.086507335
0,0.046149061,0.069546402
0,0.210282175,0.210063696
0,0.199706007,0.147947192
0,0.040731057,0.030406551
0,0.107645158,0.107350491
0,0.018568299,0.038985968
1,0.060022281,0.071648255
0,0.144390887,0.146970883
1,0.188548376,0.257962942
0,0.179996732,0.306767076
0,0.190242043,0.167160273
1,0.26607578,0.32033217
0,0.533351845,0.482213974
0,0.312844719,0.292444944
0,0.123226579,0.14059934
0,0.17503193,0.18010442
0,0.232861673,0.216462597
0,0.031256627,0.051425677
0,0.081453167,0.09148898
0,0.203583065,0.151639968
0,0.022611563,0.05460906
0,0.183183826,0.040101215
1,0.174189016,0.144177556
0,0.068908198,0.079127938
0,0.117891242,0.099517956
0,0.313940609,0.27247861
0,0.243602741,0.179816872
0,0.039589304,0.049573641
0,0.124772348,0.166941702
0,0.142464077,0.167340562
1,0.112430518,0.140939236
0,0.01125588,0.021695895
0,0.124490837,0.080005459
1,0.239821838,0.130758479
0,0.286475969,0.364893287
0,0.209167476,0.196610689
1,0.196087652,0.194685176
0,0.186458955,0.117323793
0,0.341843775,0.183890224
0,0.378060853,0.197453812
0,0.063980783,0.089746036
0,0.011289323,0.030593494
0,0.077585072,0.07084126
0,0.05169815,0.086612143
0,0.134480017,0.139625087
0,0.161274846,0.113285899
0,0.088948032,0.124561071
0,0.058963784,0.047956917
0,0.2357036,0.209823832
0,0.160741845,0.133058444
0,0.325718785,0.384798169
0,0.242471115,0.159015149
1,0.394358919,0.383877993
0,0.061419261,0.061893329
0,0.328602008,0.266472578
0,0.263986696,0.263386697
0,0.060463388,0.064226851
1,0.774684408,0.854654133
0,0.1960635,0.157261819
1,0.261534894,0.228965178
0,0.088234746,0.091036476
0,0.057033139,0.053454023
1,0.238176348,0.361384332
0,0.049479495,0.05488598
0,0.041416572,0.044025194
0,0.573649261,0.866189957
0,0.303200513,0.278179199
0,0.027719762,0.036449179
0,0.095088281,0.092362277
0,0.614887217,0.70754832
1,0.214733129,0.24465251
0,0.116475465,0.207336485
0,0.157017696,0.085389704
0,0.010821665,0.018581681
0,0.029423566,0.042892721
0,0.06611331,0.063441239
0,0.171902305,0.10420166
0,0.369276431,0.368949354
0,0.169215143,0.161170214
0,0.103660398,0.159967974
0,0.115537366,0.118761964
0,0.065592922,0.131732091
0,0.054409841,0.041356664
0,0.080070614,0.146211654
0,0.049785509,0.029010233
0,0.210057785,0.091509826
1,0.034541429,0.042717546
0,0.036901468,0.049971391
0,0.194715728,0.164785802
0,0.205165845,0.165685415
0,0.055515967,0.095841452
1,0.286339259,0.455601305
0,0.216860551,0.122490384
0,0.109446178,0.139010698
0,0.083786123,0.074383236
0,0.118008366,0.111522309
0,0.177711968,0.180444732
0,0.059657495,0.077090211
1,0.34760727,0.265374899
0,0.226515589,0.14022401
0,0.047836391,0.044302981
1,0.883938755,0.933030844
1,0.305610578,0.254152566
0,0.407791973,0.34014222
0,0.224269627,0.239881739
1,0.433754571,0.682154596
0,0.060446679,0.036719989
0,0.063188035,0.058273088
0,0.111410321,0.087713964
0,0.308098665,0.380191565
0,0.165385301,0.056531474
0,0.109282454,0.097131267
1,0.902831,0.976901114
0,0.324215134,0.222039714
0,0.405440145,0.425772786
1,0.520596853,0.529697061
1,0.280123035,0.215985164
1,0.293420591,0.298477024
0,0.016901818,0.040433779
0,0.087475729,0.098395653
0,0.218855957,0.210812226
0,0.254542698,0.273651034
1,0.115274537,0.137716651
0,0.050491576,0.059147466
0,0.140527666,0.111728027
0,0.061671297,0.050124165
1,0.114790271,0.118070833
0,0.012692719,0.034877636
0,0.172606052,0.175603479
0,0.097880926,0.083458081
0,0.016804935,0.022860946
0,0.190080609,0.101255067
0,0.098756294,0.059593115
1,0.173608777,0.180108979
0,0.080992172,0.083288319
0,0.023321645,0.04956444
0,0.014227199,0.017561138
0,0.059270215,0.094088957
1,0.109609333,0.089476205
0,0.181627113,0.201916814
0,0.249450021,0.305289775
0,0.136507272,0.127824903
0,0.168661838,0.151482344
0,0.144586589,0.176586017
0,0.471949825,0.440676004
0,0.308276089,0.348843932
0,0.04398177,0.050917368
1,0.324368599,0.258824289
0,0.038279192,0.059640072
0,0.263049375,0.253127009
0,0.085943658,0.084376715
0,0.288146584,0.386383116
0,0.039537682,0.069150947
0,0.059230429,0.083442084
0,0.158788673,0.212242112
1,0.075311639,0.106947593
0,0.209485124,0.190143541
1,0.170376398,0.223052204
0,0.007046122,0.02508075
0,0.102692693,0.074324094
0,0.300396759,0.266011477
0,0.331686269,0.343974113
0,0.07370053,0.088041387
1,0.350123671,0.386987507
1,0.167136411,0.0574659
0,0.298854454,0.248171359
0,0.025724468,0.056330867
1,0.127350663,0.070311874
0,0.086770839,0.099793188
0,0.178926929,0.167984158
1,0.171198168,0.160766959
0,0.075252086,0.079366095
1,0.25245398,0.233134344
0,0.051880903,0.072603755
0,0.322483111,0.525819004
0,0.219693585,0.145917699
0,0.112690807,0.113531396
0,0.515304768,0.639112651
0,0.260440679,0.19079113
0,0.024007609,0.034148943
0,0.41546114,0.365357518
0,0.067413822,0.081699952
0,0.020872949,0.037227977
0,0.228991336,0.223340437
1,0.329868248,0.17757304
0,0.025128143,0.042994421
0,0.051287651,0.065265395
0,0.18653017,0.207906634
1,0.327342844,0.295487672
0,0.080657305,0.106304534
1,0.193761973,0.163167462
0,0.187402132,0.15626663
0,0.03146358,0.085121855
0,0.021834482,0.026170937
0,0.330121831,0.341165513
0,0.107280648,0.133396715
0,0.037580825,0.066420764
0,0.071078371,0.084625393
0,0.181920996,0.176661819
1,0.049107031,0.085409254
1,0.325513783,0.29799065
1,0.257415882,0.219847858
1,0.169791566,0.174360842
1,0.266760519,0.174318999
0,0.075803352,0.066912659
0,0.284362463,0.230051324
0,0.335594861,0.320694238
0,0.073384642,0.153608009
0,0.117414372,0.085244201
0,0.196583576,0.121024013
0,0.22114071,0.243912086
0,0.049565337,0.063060097
0,0.035657089,0.084090173
0,0.207086339,0.128787741
0,0.283892226,0.252213418
1,0.05310114,0.052199576
0,0.085882147,0.075487264
0,0.078884726,0.087042339
0,0.093992599,0.069753066
1,0.277357453,0.228986323
1,0.109222966,0.165277556
0,0.040864452,0.054771062
0,0.295083595,0.319585919
1,0.184411247,0.175364658
0,0.076179701,0.112107165
0,0.108849508,0.140983865
0,0.081002828,0.090224519
0,0.224294012,0.219078705
0,0.228743138,0.238891661
0,0.13730925,0.133876845
1,0.208840447,0.152227864
0,0.06419331,0.052002907
0,0.140446141,0.157262325
0,0.321254331,0.321620286
0,0.346355445,0.335067868
0,0.068322996,0.107175536
0,0.201802065,0.10197062
0,0.133036531,0.088129692
1,0.258431856,0.149505973
0,0.008097748,0.016091606
0,0.020867286,0.04506724
0,0.029110777,0.029007647
0,0.12311725,0.070801616
0,0.057051475,0.068706483
0,0.076165186,0.093077607
0,0.356104351,0.159792423
0,0.248642939,0.287422597
1,0.858760208,0.982285261
1,0.323902702,0.328672707
0,0.007105998,0.01665258
0,0.163318009,0.097601406
1,0.193570585,0.197614551
0,0.382749684,0.459947348
0,0.165703027,0.14192605
1,0.080412797,0.06386397
0,0.029710503,0.031287443
0,0.268583958,0.24790293
0,0.099748093,0.067909174
1,0.43810554,0.479331285
0,0.07931929,0.088043049
0,0.017649146,0.028126221
0,0.037256586,0.075754263
0,0.193137559,0.205689803
1,0.084609236,0.067591891
0,0.316606097,0.276426077
0,0.063202072,0.067318454
0,0.019497833,0.045372177
0,0.14047287,0.107808299
0,0.309066608,0.24967587
0,0.074762489,0.117463186
0,0.028708105,0.03760704
0,0.250145452,0.230814248
0,0.15806214,0.103134468
0,0.490905944,0.196899965
0,0.07649187,0.068011545
0,0.121065797,0.112929553
0,0.286323613,0.243902922
0,0.066745724,0.066208415
0,0.171774567,0.149134144
0,0.051678327,0.034564365
0,0.265487844,0.205050111
0,0.103783314,0.129936755
0,0.033575214,0.0147233
0,0.185359202,0.152395979
0,0.337865915,0.19678998
1,0.313809943,0.23021999
0,0.101829983,0.084763184
1,0.276455995,0.226117447
0,0.1802458,0.171197861
0,0.108630283,0.085909121
0,0.180907686,0.208191276
0,0.018393648,0.021111732
0,0.160064204,0.104594715
1,0.170722391,0.168670028
0,0.199988773,0.329043537
0,0.010811493,0.023553619
0,0.041331439,0.028075691
0,0.053125139,0.067652576
0,0.089337858,0.10869506
0,0.26750828,0.214642316
0,0.109475953,0.143164858
0,0.031939465,0.087734625
0,0.149153237,0.093032815
0,0.324592508,0.250434577
0,0.052571157,0.066207305
1,0.321041289,0.305283487
0,0.171918873,0.117724761
1,0.185853973,0.151074961
1,0.276893243,0.211640179
1,0.206971958,0.217973933
0,0.01053599,0.017089266
0,0.026823671,0.037050769
0,0.01013521,0.030674916
0,0.155808918,0.135683998
0,0.272187711,0.291560173
0,0.161600691,0.119247384
0,0.059616417,0.089829274
0,0.183706852,0.099807881
0,0.010088405,0.019902142
0,0.025852306,0.030599626
0,0.208845039,0.179713562
0,0.021608508,0.038621172
0,0.009634042,0.016091606
0,0.136452084,0.160421714
0,0.189269855,0.20726876
0,0.221647866,0.102691486
0,0.038706983,0.062606603
1,0.151133456,0.17598097
0,0.105245152,0.054280698
0,0.018002519,0.071188666
0,0.035625216,0.038569681
1,0.328742011,0.28671661
0,0.34289789,0.383157641
0,0.105697725,0.088098675
0,0.09438745,0.083033442
0,0.031265553,0.032262996
0,0.111841981,0.140669972
1,0.107875346,0.052786812
0,0.112949203,0.10364569
0,0.160266899,0.063186713
0,0.218303494,0.194613516
0,0.097564239,0.109744571
0,0.17676387,0.230986536
0,0.042201598,0.056486081
1,0.859730928,0.983325481
0,0.07648155,0.122380592
0,0.145078601,0.111223124
0,0.350326751,0.414303839
0,0.185404459,0.13863118
0,0.218042895,0.144680128
0,0.044008731,0.060034614
0,0.032490515,0.022912584
0,0.02767995,0.026668279
0,0.299763773,0.303770661
1,0.114964406,0.092427209
0,0.121951277,0.116750933
0,0.360750618,0.273086458
1,0.224941094,0.16877073
0,0.080590154,0.081528485
0,0.025402393,0.024677075
1,0.301645991,0.276842415
0,0.314406816,0.268636554
0,0.019108946,0.049398653
0,0.171071292,0.228469625
0,0.154952303,0.124797329
0,0.254449856,0.267320096
1,0.79209792,0.862145007
0,0.12149981,0.101567708
0,0.125455755,0.134815663
1,0.086039388,0.12361481
0,0.012476945,0.042306747
0,0.036509867,0.032987788
0,0.226351062,0.192197517
0,0.206380066,0.206004366
0,0.05446431,0.076479234
1,0.224663326,0.195462286
0,0.145606835,0.178550124
0,0.115694964,0.140897781
1,0.167923379,0.170786783
0,0.174705678,0.085763291
0,0.323591029,0.220293328
1,0.363830107,0.365580916
0,0.251034398,0.110907868
0,0.120099372,0.133448899
0,0.188568668,0.162052929
1,0.127713366,0.140801787
1,0.050807415,0.07191807
0,0.069573043,0.078623399
0,0.016350979,0.05801167
0,0.097329854,0.072396591
0,0.058018377,0.061105158
0,0.07222101,0.093149342
0,0.161936177,0.157204077
0,0.133901937,0.167365849
0,0.193289416,0.180789948
0,0.366554348,0.341856867
0,0.083352826,0.107837431
0,0.229223966,0.230420709
0,0.365764781,0.322613209
0,0.029492847,0.04407553
0,0.276579476,0.265585333
0,0.032312148,0.053583849
0,0.104266124,0.069618367
0,0.125002936,0.139084324
0,0.12911193,0.117238767
0,0.197696927,0.174526885
0,0.126855355,0.109849378
0,0.15354258,0.186878264
0,0.214698889,0.202883914
0,0.294006531,0.277177691
0,0.125749293,0.107535899
0,0.00961986,0.015324117
0,0.071509555,0.10017585
1,0.313800021,0.349509418
0,0.118213441,0.103193656
0,0.265410415,0.230928913
0,0.008275121,0.02125239
0,0.153220445,0.112685524
1,0.342990215,0.246107459
1,0.390570464,0.41300109
0,0.266189711,0.293047458
0,0.05869005,0.079872973
0,0.150669972,0.126489773
0,0.049651991,0.042342588
0,0.06330225,0.086130023
0,0.200448049,0.206258714
0,0.251367588,0.265222281
1,0.414967433,0.467473179
1,0.300604384,0.339149982
0,0.031943869,0.034885909
0,0.063844273,0.024846222
0,0.096563807,0.085390784
1,0.171796465,0.16994676
0,0.109170681,0.105574794
0,0.034419479,0.048398886
0,0.085751179,0.147731274
0,0.415026715,0.292751312
1,0.244830826,0.187585488
0,0.236067875,0.27079165
0,0.03260282,0.03302414
0,0.08204138,0.073504284
0,0.084336106,0.136031762
1,0.329898364,0.305293709
0,0.34091627,0.312776506
0,0.327706084,0.477832526
0,0.034914759,0.073338419
0,0.248997187,0.216399342
0,0.1172513,0.096810564
0,0.093358569,0.126981288
1,0.261427814,0.226655379
1,0.295715322,0.234271646
0,0.10586296,0.096736975
0,0.511678837,0.517763555
0,0.118289874,0.113740444
1,0.497614585,0.469293594
0,0.148798822,0.131363124
0,0.033776453,0.040599648
0,0.121733063,0.108217828
0,0.057082059,0.081724174
0,0.078107268,0.074955381
0,0.239680759,0.168838322
0,0.074464558,0.082788892
0,0.017823639,0.022977382
1,0.803508,0.633401632
0,0.435860643,0.557212651
0,0.118431839,0.092743412
0,0.248562262,0.171617076
0,0.052212013,0.053317338
0,0.243351586,0.149837673
0,0.200569148,0.295203537
0,0.015498839,0.020046247
0,0.056742327,0.098520003
0,0.092482858,0.151435629
1,0.31031064,0.227978021
1,0.094518532,0.108704738
0,0.500418264,0.549092054
1,0.502564628,0.441964209
0,0.079644573,0.067876011
1,0.334682545,0.44900015
0,0.057077583,0.0575395
0,0.079643624,0.112829402
0,0.062183769,0.08258114
0,0.058355009,0.089148283
0,0.061137508,0.089175895
0,0.073505919,0.089878134
0,0.11586904,0.119650394
0,0.023993015,0.028075691
0,0.09364068,0.122654855
0,0.140552879,0.12536101
0,0.075732348,0.075080946
0,0.293210719,0.119131804
0,0.154280461,0.154092461
0,0.009153643,0.035887178
1,0.356666576,0.307532698
0,0.054438984,0.074308284
1,0.414067757,0.175405815
0,0.016785509,0.031168558
0,0.265769594,0.230897784
0,0.096523611,0.144657418
1,0.365403414,0.318959922
0,0.292770767,0.347088069
0,0.029343871,0.043712731
0,0.031152191,0.046442457
0,0.262665052,0.223974898
0,0.13871325,0.157490313
0,0.041535406,0.065215252
0,0.107131931,0.073498212
0,0.070028797,0.090804651
0,0.017306947,0.017271049
1,0.030515345,0.064804725
0,0.438634423,0.433254242
0,0.235642825,0.131722763
0,0.416491851,0.40134269
0,0.175500537,0.185605586
0,0.117228626,0.075736642
0,0.043578213,0.052277297
0,0.205580658,0.172736704
0,0.06093978,0.043604549
0,0.051622922,0.06989985
0,0.149673582,0.063235171
0,0.24171064,0.162203535
0,0.15698778,0.192359686
0,0.378108085,0.349892884
1,0.335986329,0.399354368
0,0.176012491,0.195503697
0,0.210011434,0.19146724
0,0.020989717,0.032429058
0,0.011410842,0.022154432
0,0.203656144,0.187161013
1,0.066554491,0.057024892
0,0.093359545,0.124690749
0,0.068330795,0.104800612
0,0.028184554,0.022860946
0,0.02073727,0.01723822
0,0.168575488,0.055599794
0,0.06058481,0.055623461
0,0.078653409,0.06882745
1,0.448563932,0.284151524
0,0.151291203,0.178471357
0,0.175302919,0.223788217
1,0.269268109,0.178111598
0,0.266601711,0.252818674
0,0.025451318,0.051207025
0,0.055684263,0.089057796
1,0.505232083,0.665042937
0,0.026469044,0.056008231
0,0.00738118,0.020642865
0,0.207509941,0.181775942
0,0.279055267,0.317824721
0,0.166943479,0.081116833
0,0.057531698,0.068688899
0,0.080215278,0.087708436
0,0.029711171,0.048010033
0,0.140059295,0.163408458
0,0.24367289,0.265725285
0,0.125048806,0.117102362
0,0.126446066,0.119010836
0,0.064546186,0.059161749
1,0.274893525,0.197717935
0,0.267862507,0.206803247
1,0.090948615,0.107447073
0,0.418747758,0.426142991
0,0.114406414,0.13583988
0,0.125835295,0.131951824
0,0.198595577,0.16812259
0,0.254076749,0.223448902
0,0.037610784,0.028356854
0,0.253279907,0.242653325
0,0.226535338,0.155577227
0,0.320535965,0.502429903
0,0.014645533,0.030844245
0,0.009094293,0.022860946
0,0.030490319,0.019945392
0,0.300937644,0.201334968
0,0.01651461,0.021350417
0,0.441109333,0.500353754
0,0.080709184,0.106248491
0,0.141957091,0.120595351
0,0.259146889,0.266310185
0,0.06719328,0.1035088
0,0.080686092,0.077315137
0,0.015971813,0.024586894
0,0.125829621,0.146267325
0,0.135904601,0.080418222
0,0.022740192,0.032718457
0,0.071555643,0.071739621
1,0.668428793,0.928177774
1,0.470226778,0.542082727
1,0.107372128,0.092784651
0,0.050697692,0.0519646
0,0.271249673,0.195333481
0,0.066977144,0.053605855
0,0.057558982,0.035112232
0,0.020735847,0.03522566
0,0.117380266,0.135588229
0,0.389583357,0.524361074
0,0.174881049,0.18737641
0,0.273547702,0.374484599
0,0.03007459,0.027473666
0,0.018735647,0.027973782
0,0.222484933,0.178543136
0,0.059502672,0.083174542
0,0.207429267,0.200678244
1,0.30028689,0.509520352
1,0.945119513,0.994815409
0,0.175325162,0.121217206
0,0.43356818,0.435839862
0,0.165340172,0.196353287
0,0.107821565,0.101201765
1,0.270577009,0.285096705
0,0.097132732,0.046028197
0,0.072870817,0.05674389
0,0.215962438,0.22355631
0,0.107595294,0.094777592
0,0.032296471,0.050452538
0,0.098333486,0.088561058
0,0.10526468,0.067386717
0,0.047702258,0.060185786
0,0.097257885,0.092554189
1,0.32182868,0.283459991
0,0.109777221,0.10823743
0,0.24522042,0.239652991
0,0.022648986,0.051770404
0,0.083056851,0.094040439
0,0.534889838,0.571066618
0,0.267959282,0.203069806
0,0.210053639,0.197554514
0,0.173821491,0.217247188
1,0.175157092,0.182642385
0,0.154678061,0.100341327
0,0.167066867,0.185331836
0,0.145256093,0.084017493
0,0.165893574,0.113015547
0,0.078873746,0.080784731
0,0.083352361,0.080362029
1,0.100967061,0.105393939
0,0.158033478,0.219478875
0,0.183005689,0.162810788
0,0.249528388,0.231298655
0,0.252937996,0.226156503
0,0.369217023,0.280450374
0,0.033807594,0.049359918
0,0.077083531,0.067210272
0,0.147756882,0.162443817
0,0.082290818,0.088759936
0,0.043252156,0.075696729
0,0.413452013,0.416354954
0,0.044651826,0.056607034
0,0.050671945,0.061293751
0,0.027273492,0.062063985
0,0.055311985,0.030271562
0,0.026214239,0.031920183
1,0.147181499,0.194244549
0,0.008200232,0.017838443
0,0.252579407,0.288792402
0,0.168482014,0.159360811
0,0.293188625,0.12388961
0,0.062871995,0.077989779
0,0.134492487,0.08036235
0,0.047003451,0.069431968
0,0.253297454,0.236485794
0,0.238012752,0.178190097
0,0.373186718,0.295395523
0,0.280540659,0.180306062
0,0.081219849,0.058209356
0,0.060510357,0.052434862
0,0.018902767,0.047006842
0,0.183028232,0.19102484
0,0.173576193,0.106576987
0,0.431430953,0.429572433
0,0.093954407,0.106258124
0,0.164749531,0.090994835
0,0.249868885,0.284337848
1,0.313525648,0.320482671
1,0.376791548,0.32290405
0,0.403922219,0.318484545
0,0.024437177,0.043704968
0,0.140039503,0.1092733
0,0.125501593,0.140794769
0,0.045384352,0.074986681
1,0.135748353,0.103208713
0,0.329700156,0.406965762
0,0.148354805,0.128088593
1,0.378223084,0.363520384
0,0.052813646,0.059476484
0,0.080793572,0.079568505
0,0.295682396,0.188297048
0,0.023291618,0.04751806
0,0.126765119,0.076197453
1,0.368034389,0.424149066
0,0.226150751,0.142269492
0,0.030320793,0.050397042
0,0.037931272,0.050477799
0,0.284400232,0.127585679
1,0.59007694,0.600414634
0,0.036418711,0.058784101
0,0.052403055,0.051291604
0,0.01695186,0.029363286
0,0.021285492,0.042882197
0,0.196192027,0.231090575
0,0.028436404,0.056277305
0,0.162217018,0.10148602
0,0.206646482,0.223775357
0,0.134328746,0.109116599
1,0.588415708,0.576371551
0,0.269114284,0.24639371
0,0.284862537,0.246288151
0,0.052521651,0.101845413
1,0.017653065,0.046009243
0,0.046206057,0.05004923
0,0.061735816,0.054824769
0,0.387220603,0.370444983
0,0.105942162,0.103151403
1,0.614769254,0.797426641
0,0.163070943,0.059226003
1,0.361841767,0.378113627
0,0.352525794,0.416290641
0,0.042751258,0.045915201
0,0.018723679,0.030508609
1,0.364246269,0.25294295
1,0.211373607,0.184360921
0,0.091172804,0.07888867
0,0.046384642,0.084242493
0,0.068130481,0.102449812
0,0.265888338,0.265329748
0,0.61652157,0.589412212
0,0.009349872,0.0221065
0,0.261141629,0.206711918
0,0.199346443,0.134312227
0,0.258232885,0.18742156
0,0.038698401,0.085099861
1,0.242843066,0.229673728
0,0.309258787,0.239786163
1,0.034810651,0.06976442
0,0.244381692,0.229011923
0,0.016943897,0.030815506
0,0.046398302,0.062927239
0,0.207256484,0.136550844
0,0.130281986,0.098005779
0,0.073984705,0.052973378
0,0.159700648,0.222209513
0,0.237177708,0.193965271
0,0.074632882,0.052325264
1,0.231525012,0.201966435
0,0.215045613,0.239052296
0,0.089273646,0.130555585
0,0.070129345,0.091534667
0,0.020217373,0.032648433
0,0.010521237,0.020642865
0,0.14581381,0.111957319
0,0.087776599,0.106806017
1,0.425878396,0.426704437
0,0.079114346,0.089607552
1,0.388314784,0.395741254
1,0.279488209,0.19469218
0,0.312870899,0.26849094
0,0.116319447,0.081915587
0,0.01111344,0.021439072
0,0.208323705,0.285347193
0,0.117928826,0.101474591
1,0.531316694,0.583221734
0,0.083588305,0.099536762
0,0.057509744,0.050499823
0,0.067405047,0.039399195
0,0.173852391,0.131645098
1,0.200483743,0.178792775
0,0.047466531,0.068296202
0,0.148271352,0.096785113
0,0.0526866,0.068102978
0,0.117113427,0.173921198
0,0.021034514,0.047316097
0,0.249650079,0.273510396
0,0.141408598,0.151443809
1,0.103150718,0.118558921
0,0.090303401,0.099697314
0,0.249645841,0.266065836
0,0.119548939,0.11722073
0,0.110220417,0.081702255
0,0.164721747,0.110283747
0,0.012317798,0.019902142
0,0.168407537,0.248111442
1,0.287375786,0.25935182
0,0.3382202,0.335629255
0,0.099133477,0.127715304
0,0.116899899,0.136211663
1,0.417282501,0.613320947
1,0.525276278,0.594116271
0,0.217387148,0.199346036
0,0.218063522,0.119555622
0,0.055050094,0.0634377
0,0.188779022,0.198239505
0,0.10371387,0.083853088
0,0.222585949,0.169573665
0,0.081863604,0.084017493
0,0.03097783,0.044464126
0,0.178481376,0.105544455
0,0.123898574,0.133559167
0,0.104156209,0.094846226
1,0.370816176,0.391490936
0,0.007480122,0.02537689
0,0.052164695,0.066881619
0,0.01951059,0.017275784
0,0.092212438,0.059447952
0,0.022353127,0.049229387
0,0.196063066,0.168378457
0,0.115433937,0.133684114
0,0.102875602,0.071803838
1,0.057785039,0.076631285
0,0.409872061,0.275209427
0,0.095452034,0.049403138
0,0.136907502,0.124753632
0,0.124072141,0.100217164
0,0.053719255,0.048234671
1,0.227868504,0.367948413
0,0.181403962,0.17507486
1,0.873746453,0.99213165
0,0.098260525,0.152032331
0,0.264489751,0.415021181
0,0.153333613,0.134169072
0,0.032283741,0.070451319
0,0.266575535,0.297740459
0,0.273733671,0.176220551
1,0.252859716,0.37452209
0,0.115031695,0.08288794
0,0.06728305,0.099523298
1,0.193952059,0.141750798
0,0.106963545,0.099883713
0,0.128060552,0.068795688
1,0.446966318,0.59259057
0,0.067917081,0.04938129
0,0.092748885,0.119006805
0,0.140219054,0.13131462
1,0.129709933,0.090026625
0,0.163004705,0.26131916
0,0.022370022,0.03657607
0,0.246382593,0.203862891
1,0.811821823,0.952607572
0,0.046864284,0.065368205
0,0.351640914,0.447532356
0,0.051657325,0.094563469
0,0.134958439,0.153316557
1,0.155094933,0.109331936
0,0.340347248,0.445411891
0,0.026423537,0.040278383
0,0.073486194,0.096744753
0,0.407449219,0.414286494
0,0.051542836,0.123490542
0,0.077721834,0.072863288
0,0.116722505,0.089656211
0,0.072718848,0.084600687
0,0.031194865,0.054997582
1,0.089442285,0.105316028
0,0.089393493,0.057588197
0,0.109939378,0.077315785
0,0.132768371,0.204763964
1,0.167597003,0.189799473
0,0.073289579,0.082819194
0,0.443675391,0.550943613
0,0.015010114,0.026802856
0,0.089228781,0.064197637
0,0.039662689,0.100419238
1,0.241141561,0.227019727
0,0.152206666,0.140478075
0,0.039670029,0.050330464
0,0.125261695,0.09561538
0,0.014750673,0.034424253
0,0.027613162,0.073619649
0,0.258962899,0.329519361
0,0.04643869,0.058576614
0,0.25672337,0.264855981
1,0.284775726,0.352590173
0,0.099213203,0.098338708
0,0.15635983,0.16574344
0,0.127295512,0.101759762
1,0.192169262,0.140103906
1,0.24392102,0.301815391
0,0.079261579,0.053901292
0,0.210438598,0.104223922
0,0.009554756,0.01665258
0,0.109809938,0.136662751
0,0.172584945,0.165638581
1,0.1640158,0.168344602
0,0.025856883,0.038324557
0,0.1237761,0.144430578
0,0.233316573,0.229239583
0,0.027462555,0.041418176
1,0.31035533,0.289654285
0,0.109729838,0.145417765
0,0.143113246,0.105730884
0,0.013023241,0.018581681
0,0.074659143,0.062260203
0,0.214441718,0.191662028
0,0.040367134,0.07191807
0,0.094268295,0.066912442
0,0.217225044,0.242049977
1,0.278476065,0.280810505
1,0.234066569,0.230989367
0,0.042912399,0.049799833
0,0.053141107,0.102246463
1,0.317743434,0.364426374
0,0.066820975,0.08348228
0,0.060956761,0.066383325
0,0.024634266,0.032074492
0,0.146331777,0.162061647
0,0.195490337,0.113748968
0,0.188780779,0.173998579
0,0.202462946,0.218926057
0,0.172816526,0.156361669
0,0.060712796,0.089299463
1,0.325343108,0.34122023
0,0.033546915,0.044799183
0,0.189621396,0.111623548
0,0.17640856,0.287307769
0,0.061479708,0.070796847
0,0.153567469,0.125389084
0,0.0933983,0.099660151
0,0.067622268,0.074991792
0,0.380618713,0.381942868
0,0.0186839,0.030844245
0,0.042649563,0.052866142
0,0.251798617,0.185813561
0,0.114257462,0.136511967
0,0.085526687,0.057813879
0,0.170412141,0.24782984
1,0.151393764,0.148082688
0,0.270231501,0.241192147
0,0.145389843,0.170428976
0,0.11454628,0.104270674
1,0.208738813,0.127910122
1,0.444922681,0.171557829
0,0.099955268,0.083137423
0,0.031675949,0.058865838
0,0.100026834,0.077994935
1,0.49976901,0.47225666
0,0.216590413,0.336001188
0,0.101901287,0.102257051
0,0.094968456,0.119203068
0,0.155546539,0.14164713
0,0.068494065,0.096520007
1,0.190655833,0.153559998
0,0.107183775,0.154312372
0,0.409720965,0.473169059
1,0.231888755,0.231800556
0,0.258636097,0.333140254
0,0.13700644,0.116300754
1,0.155421954,0.130685687
0,0.102805065,0.098500326
0,0.127325667,0.150227055
0,0.128347874,0.054713413
0,0.250812209,0.280738741
0,0.123528538,0.096179411
0,0.011717865,0.017275784
0,0.348400129,0.356108904
0,0.063738975,0.048591387
0,0.097312648,0.08522322
1,0.618161048,0.622703552
1,0.571406643,0.892490268
0,0.087259639,0.12100675
0,0.090710324,0.06968724
1,0.46631047,0.667814732
1,0.077297967,0.059860531
0,0.115516864,0.089374214
0,0.382467382,0.332178086
0,0.047483845,0.107677288
1,0.220243228,0.270530432
0,0.070126693,0.083851114
0,0.100138668,0.106798463
0,0.096802203,0.097889759
0,0.014468729,0.028483188
1,0.04718971,0.099070325
0,0.018071229,0.045232188
0,0.176611849,0.191304639
0,0.217531476,0.176814497
1,0.221160929,0.155851543
0,0.233472136,0.229771093
0,0.015461341,0.026076134
0,0.157452101,0.143531173
0,0.091849543,0.139905646
1,0.108662507,0.097464092
1,0.405658903,0.388060004
0,0.244042313,0.176210433
0,0.141996598,0.145334989
0,0.28292145,0.282460868
0,0.11489386,0.125564754
0,0.27937655,0.316919684
1,0.058373851,0.068762489
0,0.039582591,0.076742582
1,0.372600117,0.303546399
1,0.517413446,0.502701759
0,0.1282266,0.160298333
0,0.167038233,0.173363999
0,0.151172891,0.106282026
0,0.099514744,0.072335489
0,0.055745956,0.061759833
0,0.211050124,0.11418353
0,0.120164191,0.104691036
0,0.316321375,0.299718738
0,0.144572326,0.120754741
1,0.212685321,0.120826267
0,0.230784965,0.201301679
0,0.026168706,0.034966569
0,0.008060305,0.018379753
0,0.12905345,0.179705888
0,0.144629086,0.144715831
1,0.168308417,0.2334757
0,0.130857333,0.121043183
0,0.334635297,0.468101531
0,0.110317583,0.134701341
0,0.039074613,0.034794189
0,0.210323965,0.216926217
0,0.209491614,0.177484185
0,0.300373541,0.226126418
0,0.052801985,0.062407587
0,0.140888538,0.181023464
0,0.106019122,0.079781577
0,0.040748566,0.075311355
0,0.183023315,0.181001216
1,0.363797076,0.415129095
0,0.154568513,0.113591172
0,0.09043029,0.079587601
0,0.278976045,0.322968453
0,0.101882067,0.096458659
0,0.134446167,0.150079891
0,0.119852852,0.136717156
0,0.352346169,0.591789603
0,0.225608738,0.110334702
0,0.050606869,0.048455019
1,0.824364168,0.97242862
1,0.386807056,0.438197583
1,0.431374876,0.417780459
0,0.24479991,0.241547629
0,0.071620823,0.066200912
0,0.124266169,0.1623016
0,0.031574642,0.049408257
0,0.123423105,0.195006102
0,0.248036334,0.193972066
0,0.234273824,0.157774478
1,0.153075826,0.182388887
0,0.420729263,0.726308167
0,0.658446093,0.830126464
0,0.054329551,0.086312592
0,0.089180361,0.091795094
0,0.18544814,0.160907194
0,0.01321298,0.037450176
0,0.170792914,0.166934058
0,0.110137557,0.067143187
0,0.116444377,0.161618039
0,0.062491455,0.076601632
0,0.020491693,0.03850773
0,0.192333282,0.184858829
0,0.227117452,0.193848163
1,0.111719694,0.11738389
0,0.26411337,0.241901115
0,0.067576729,0.0879374
0,0.081337303,0.077488691
0,0.242246362,0.196630374
0,0.314906172,0.31603992
0,0.233914419,0.198081523
0,0.209228762,0.223147467
0,0.117208551,0.090796977
0,0.030164236,0.046410609
0,0.361090252,0.434721202
1,0.215998382,0.190089226
0,0.059369229,0.105525166
0,0.140708203,0.151591092
0,0.176273581,0.122565612
0,0.412116054,0.24467437
0,0.025325429,0.038832679
1,0.322014593,0.183455035
0,0.171787576,0.078199521
1,0.278902606,0.355182469
0,0.257545002,0.212216705
0,0.072860766,0.056490533
0,0.00895799,0.018591331
0,0.117637949,0.146317706
0,0.229768721,0.195170656
0,0.081330481,0.117213577
0,0.153754589,0.146584198
0,0.101720716,0.101538606
0,0.121637718,0.085661985
0,0.05327773,0.075680733
0,0.190422617,0.167740241
0,0.153519327,0.136826605
0,0.262498028,0.216053784
0,0.210312584,0.156906188
0,0.174826231,0.16685687
0,0.560372172,0.444731444
0,0.006732268,0.017838443
0,0.033352288,0.065960884
0,0.566241451,0.42234984
0,0.024951043,0.017561138
0,0.252878858,0.280182391
0,0.378102632,0.542410851
0,0.243637879,0.277096003
0,0.019432425,0.026781041
0,0.157863794,0.100256123
0,0.390058146,0.313491493
0,0.016183586,0.037483435
1,0.152301172,0.131759599
0,0.340416065,0.324530572
0,0.345398997,0.227808774
0,0.075060694,0.064447589
1,0.209795782,0.208766729
0,0.219993936,0.12599881
0,0.013554216,0.030593494
0,0.012442854,0.037116788
0,0.208572188,0.174074665
1,0.282640213,0.145356447
1,0.605671541,0.649261177
0,0.110865573,0.120660566
0,0.256566672,0.327020973
0,0.091266163,0.109700255
0,0.281182008,0.251842022
0,0.075036221,0.047500487
1,0.034048238,0.050365914
0,0.01237578,0.026274741
0,0.233350576,0.25462243
1,0.716013645,0.96696043
0,0.016723696,0.030910525
0,0.119772469,0.133578032
0,0.037383944,0.05636052
1,0.610106025,0.660495639
0,0.246918597,0.242709696
0,0.236344233,0.194062069
1,0.178253031,0.220701501
0,0.183883837,0.197624996
0,0.132000332,0.171669587
0,0.119042941,0.056656692
0,0.080273626,0.097461447
0,0.04003458,0.077048339
0,0.667467732,0.646908522
0,0.033167695,0.059092943
0,0.105509038,0.082408838
1,0.196362332,0.1695811
0,0.162824708,0.131668493
1,0.116543125,0.093323253
1,0.281707574,0.208032012
0,0.116684214,0.122813471
1,0.178321431,0.162939474
1,0.153047123,0.200769588
0,0.250654805,0.252642244
0,0.106822557,0.080945157
0,0.075957699,0.088591024
0,0.347066539,0.416356593
0,0.149221214,0.160988167
1,0.163853423,0.140091389
0,0.20947141,0.115574375
0,0.105061687,0.142475531
1,0.332303113,0.318129569
0,0.00809314,0.020361984
0,0.010431938,0.021459794
1,0.276296831,0.202500552
0,0.191577439,0.161056682
0,0.155056864,0.135393828
1,0.184141714,0.117049418
0,0.020548863,0.037803635
0,0.135789319,0.101491287
1,0.094250364,0.087291576
1,0.079898399,0.055153731
0,0.153384574,0.162929997
0,0.037666949,0.047665659
0,0.198402789,0.175844431
0,0.375302226,0.308324248
0,0.332241227,0.372266799
1,0.174375786,0.121967666
0,0.093580953,0.123125277
0,0.134503641,0.128845796
1,0.251816744,0.186378077
0,0.084367495,0.081989661
0,0.253748578,0.070098273
0,0.06365609,0.083762929
0,0.347311502,0.406913489
0,0.038926134,0.036888544
0,0.088188507,0.129366249
0,0.045034549,0.052260846
0,0.035315931,0.047735676
1,0.141961017,0.113434449
0,0.311195672,0.268659234
0,0.256636902,0.265486777
0,0.123242467,0.153934076
0,0.040971468,0.056322563
0,0.275603813,0.267092705
1,0.338912043,0.309020281
0,0.167098862,0.129754514
0,0.087300802,0.099036559
0,0.093196865,0.108746767
0,0.095769619,0.102047719
0,0.011301494,0.02508075
0,0.19064074,0.185125545
0,0.079230818,0.116755903
0,0.10267913,0.068862021
0,0.119228478,0.028584376
0,0.266493852,0.216751903
0,0.300585263,0.316622555
1,0.467662207,0.736223698
0,0.150624166,0.192246407
0,0.045979012,0.061027203
0,0.134732054,0.128816992
1,0.333142145,0.296444297
1,0.464723653,0.604818523
0,0.146911835,0.136746764
0,0.160795806,0.142273098
0,0.017742399,0.032747097
0,0.463320146,0.415982395
0,0.32283406,0.377459198
0,0.060355057,0.081226103
0,0.029976413,0.033114891
0,0.068725606,0.06511353
0,0.169779858,0.17433925
0,0.153701669,0.162663952
0,0.204844147,0.205638856
0,0.067980984,0.083175123
0,0.018756758,0.019029703
1,0.202928115,0.178693563
0,0.324255848,0.327038884
0,0.157003059,0.191118613
0,0.132389014,0.065264277
0,0.206894465,0.186600223
0,0.08932492,0.104381539
0,0.213301919,0.214151874
0,0.114841783,0.089711607
0,0.169320919,0.091727063
1,0.259246642,0.257337272
0,0.203792967,0.25080213
0,0.012580687,0.046448316
0,0.19417976,0.171839103
0,0.012146902,0.034186464
0,0.021399495,0.052102394
1,0.029151941,0.042135488
0,0.253336898,0.230426684
1,0.01526426,0.030508609
0,0.211351296,0.199938446
0,0.057418923,0.073597133
0,0.30583953,0.304368705
0,0.231992767,0.169479072
0,0.273566938,0.27203992
0,0.089663649,0.081435837
0,0.092615371,0.083843894
0,0.133778804,0.164746866
0,0.323460027,0.230914235
1,0.049531875,0.055177964
0,0.350962907,0.305559039
0,0.059957013,0.063487522
1,0.848346764,0.97260499
0,0.177649577,0.128691003
0,0.110287212,0.071906395
0,0.037794091,0.023143562
0,0.265645601,0.257836998
0,0.080387753,0.062591285
0,0.132112872,0.141877741
0,0.220573734,0.228768259
1,0.354758059,0.245030582
1,0.454799055,0.478819102
1,0.836977794,0.896350563
1,0.06394158,0.044891737
0,0.025430461,0.03729805
0,0.0090658,0.019508924
0,0.374017215,0.369988471
0,0.061775443,0.062977225
0,0.105549045,0.071678996
0,0.161775907,0.199056759
0,0.186383991,0.173804685
1,0.270840864,0.258433193
0,0.361161764,0.311544329
0,0.052138392,0.073173255
0,0.063919592,0.087046452
0,0.143693999,0.162949145
0,0.066040198,0.07492087
0,0.019770018,0.026015429
0,0.236789282,0.237450168
1,0.427167904,0.441812873
0,0.391234362,0.296466887
0,0.298343769,0.295418531
0,0.030051021,0.045283522
0,0.04608086,0.022860946
0,0.037406597,0.072239965
1,0.459188378,0.504562318
0,0.043446519,0.054824769
0,0.059596576,0.093724571
0,0.051058369,0.07066872
0,0.03575049,0.064749405
0,0.144073902,0.174220651
0,0.099884425,0.131571859
0,0.07433194,0.07961487
0,0.025730507,0.034919165
0,0.152073593,0.199914664
0,0.100942452,0.114884362
0,0.034622812,0.050291836
0,0.201450391,0.333519608
0,0.009581944,0.016091606
0,0.015032556,0.03249871
0,0.157315914,0.106445588
1,0.304378684,0.233951345
0,0.014895912,0.040259723
0,0.261617098,0.172673717
0,0.438814991,0.413846374
1,0.219213654,0.207617253
1,0.103507201,0.102078326
0,0.27402619,0.233252481
0,0.172861672,0.176465288
0,0.178579808,0.149849206
0,0.292843536,0.336771399
1,0.116279962,0.102484547
1,0.320431751,0.63360858
0,0.023229704,0.038282938
0,0.079548623,0.088136472
0,0.011592013,0.026587123
0,0.181167503,0.112093575
0,0.264273553,0.257640213
1,0.759417682,0.921728194
0,0.326450936,0.244116768
0,0.026005539,0.048843045
0,0.113589631,0.116403706
0,0.055554637,0.063748911
0,0.035433391,0.055830102
0,0.134232816,0.092930354
1,0.21755446,0.106956631
0,0.038340171,0.037408669
0,0.191620775,0.13258867
0,0.145033602,0.124308087
0,0.291998036,0.336692959
0,0.325850311,0.37882787
1,0.308489906,0.244937539
0,0.07733916,0.053574841
0,0.268789142,0.240822092
0,0.19162006,0.203916371
0,0.166462304,0.137059286
0,0.429411503,0.55419904
1,0.321032991,0.272006571
0,0.106570588,0.099818438
0,0.387171242,0.337606788
0,0.169498379,0.152652487
0,0.02001035,0.054387715
0,0.325609868,0.326133162
0,0.311437229,0.300571948
0,0.179144497,0.10771583
0,0.230926121,0.247779891
0,0.218163528,0.260171294
0,0.11525158,0.124044657
0,0.42364105,0.342742622
0,0.108020578,0.122207165
0,0.176444756,0.154005229
0,0.133627465,0.162829995
1,0.47153217,0.394953728
0,0.566117408,0.558559895
1,0.23350207,0.325846612
0,0.018167744,0.047632597
0,0.194106724,0.169348389
0,0.236807726,0.190628156
0,0.302774074,0.208675832
0,0.028917833,0.025091264
1,0.133219287,0.163396254
0,0.142471489,0.093827978
1,0.399028052,0.317968816
0,0.022666001,0.076694757
1,0.124159106,0.132520467
0,0.042998219,0.097034335
0,0.028583672,0.037213236
0,0.032615695,0.065175191
0,0.071729079,0.054520495
1,0.127040173,0.126373678
0,0.107502322,0.052702691
0,0.053063095,0.070443623
0,0.25933135,0.216509357
0,0.145250812,0.145651266
0,0.02329505,0.041811727
0,0.292193544,0.276154906
0,0.123265717,0.136462435
0,0.250021668,0.24644044
0,0.040221758,0.048214074
0,0.082263382,0.117046759
0,0.252067953,0.253220588
1,0.165888273,0.18663238
0,0.102684782,0.07331378
0,0.112979116,0.063384928
0,0.193753658,0.336692959
0,0.263418076,0.268079698
0,0.009656537,0.018581681
0,0.316391231,0.248378783
0,0.05760606,0.09649232
0,0.226109494,0.169044286
1,0.398833554,0.611299157
0,0.238768528,0.232518166
0,0.143413871,0.098060533
0,0.083834394,0.076932088
0,0.08360166,0.114695489
0,0.102915052,0.102094106
1,0.286489429,0.222504467
0,0.214263325,0.14153555
0,0.205692711,0.13839598
0,0.013033756,0.020594541
0,0.037286165,0.038433056
1,0.079793932,0.085163385
0,0.014078104,0.032596633
0,0.125586879,0.109475106
0,0.361930889,0.340602279
0,0.077360248,0.066311993
1,0.080166858,0.08181484
0,0.009885066,0.019902142
0,0.143193541,0.134091362
0,0.239977684,0.259976685
1,0.200569686,0.124810182
1,0.054838096,0.045623466
1,0.127061229,0.108429
1,0.26019623,0.263532102
0,0.067889813,0.08078678
0,0.012595352,0.021350417
1,0.314949727,0.280463368
0,0.20489359,0.332312971
0,0.127393466,0.095572256
0,0.097489558,0.127334073
0,0.030167091,0.059700798
1,0.117835048,0.105326906
1,0.401003685,0.353274286
0,0.141034397,0.169924304
0,0.147378851,0.143621579
0,0.123250844,0.126657158
0,0.284051522,0.248882949
0,0.158753272,0.1222829
0,0.128164741,0.112647198
0,0.112955618,0.053317338
0,0.212079603,0.1399661
0,0.175363845,0.227229998
0,0.038860546,0.055032112
0,0.201494064,0.191839844
0,0.310355675,0.315565348
1,0.278861124,0.239069596
0,0.176686549,0.187213406
0,0.092682441,0.10833627
1,0.339032898,0.241270065
0,0.02432753,0.046557371
0,0.0375962,0.054624081
0,0.075403938,0.062002964
0,0.547130947,0.482986778
0,0.19285021,0.173957512
0,0.024952298,0.051247109
1,0.440166856,0.404062182
0,0.031728399,0.040188108
0,0.084454305,0.094146751
1,0.098317651,0.068240471
0,0.304193948,0.251514047
0,0.055709858,0.044005077
0,0.350190091,0.237475514
0,0.011315002,0.032976124
1,0.32273891,0.269651651
0,0.090173602,0.07657437
0,0.235791712,0.273361385
0,0.064910963,0.090866283
0,0.101231594,0.144480407
0,0.20566888,0.141492277
0,0.307120189,0.245668083
0,0.040230358,0.06500908
0,0.05605132,0.087648474
0,0.186021582,0.187505975
0,0.233630975,0.286697567
0,0.09085991,0.081990786
1,0.226486158,0.208883554
0,0.030800721,0.052325629
0,0.286582195,0.22728996
0,0.046026375,0.049112033
0,0.012413861,0.024359416
0,0.074387228,0.069237493
1,0.169483612,0.151497707
0,0.060369197,0.071336232
0,0.100203693,0.095368102
1,0.793287301,0.935860991
1,0.27418556,0.206067875
0,0.033490842,0.050287209
0,0.211528095,0.168189734
0,0.015545033,0.031052582
1,0.490993397,0.326441348
0,0.25850965,0.229708016
0,0.221180249,0.19633995
0,0.095426381,0.065365963
0,0.471023876,0.168197468
0,0.129301929,0.086631745
0,0.286896488,0.244007275
0,0.114503585,0.126042128
0,0.119023687,0.029874869
0,0.049417369,0.083908051
0,0.086622211,0.08368618
0,0.128863391,0.129897013
0,0.212244245,0.19335939
0,0.289098394,0.257013738
0,0.144179784,0.162279725
0,0.202462536,0.17029421
0,0.278000977,0.373301715
0,0.042862259,0.030806366
1,0.643182344,0.739213169
0,0.007625634,0.02537689
0,0.064373028,0.059660263
0,0.086240875,0.144579008
0,0.20212837,0.210579395
0,0.032413611,0.039571397
0,0.09386425,0.120128587
0,0.065248296,0.074559167
0,0.081080552,0.091177955
0,0.106103597,0.054544132
1,0.090604199,0.095703326
0,0.141290788,0.146436974
0,0.126814733,0.199815184
0,0.048260346,0.052695114
0,0.40405154,0.338331312
0,0.114720087,0.064942546
1,0.288279723,0.344010949
0,0.009894898,0.01647716
0,0.14784941,0.150103256
1,0.380368292,0.333290249
0,0.267463111,0.274193704
0,0.107175381,0.041318305
0,0.097502319,0.074499816
0,0.013980338,0.022154784
1,0.096460194,0.13403888
1,0.305755338,0.270356625
0,0.155488783,0.084022574
0,0.180584431,0.314519167
0,0.129843182,0.116905078
0,0.03706202,0.050464198
1,0.543953144,0.430613428
0,0.219655975,0.304532737
0,0.016255409,0.031195605
1,0.296568549,0.470595211
0,0.06393242,0.103310302
0,0.096922871,0.104865715
1,0.317636806,0.315776557
0,0.023837175,0.063668199
1,0.259330488,0.233394518
0,0.386325074,0.480051816
0,0.207617952,0.205816507
0,0.362431112,0.201500714
0,0.098283917,0.058610719
1,0.257266861,0.426309764
1,0.371362851,0.330689162
0,0.012441644,0.022860946
0,0.156774409,0.128574774
0,0.350272604,0.156848416
0,0.025085136,0.024359416
0,0.061318356,0.073847756
0,0.169591145,0.083592474
0,0.00729428,0.016091606
0,0.186989718,0.192603588
0,0.100252894,0.125056729
0,0.223719218,0.139587939
0,0.05817562,0.065664597
0,0.325409099,0.321657956
1,0.275156273,0.249179035
0,0.025265537,0.053308871
0,0.227372988,0.210140362
1,0.202440072,0.145946115
0,0.071600215,0.073037632
1,0.036486848,0.041450068
0,0.111209436,0.087604187
1,0.393922206,0.564214706
1,0.041177865,0.036399614
0,0.092116118,0.12186642
1,0.101397954,0.111348078
0,0.138492237,0.146204203
0,0.326530794,0.294929624
0,0.123183505,0.123292491
0,0.024058289,0.057192855
0,0.123944422,0.068810441
0,0.073633397,0.053317338
1,0.306775071,0.469513983
0,0.454829717,0.478839427
0,0.06996635,0.084379345
0,0.26173695,0.182379231
0,0.137165175,0.131607607
